cdmTableName,schema,isRequired,conceptPrefix
person,CDM,true,NA
observation_period,CDM,true,NA
visit_occurrence,CDM,false,VISIT_
visit_detail,CDM,false,VISIT_DETAIL_
condition_occurrence,CDM,false,CONDITION_
drug_exposure,CDM,false,DRUG_
procedure_occurrence,CDM,false,PROCEDURE_
device_exposure,CDM,false,DEVICE_
measurement,CDM,false,MEASUREMENT_
observation,CDM,false,OBSERVATION_
death,CDM,false,NA
note,CDM,false,NA
note_nlp,CDM,false,NA
specimen,CDM,false,SPECIMEN_
fact_relationship,CDM,false,NA
location,CDM,false,NA
care_site,CDM,false,NA
provider,CDM,false,NA
payer_plan_period,CDM,false,NA
cost,CDM,false,NA
drug_era,CDM,false,NA
dose_era,CDM,false,NA
condition_era,CDM,false,NA
episode,CDM,false,NA
episode_event,CDM,false,NA
metadata,CDM,false,NA
cdm_source,CDM,false,NA
concept,VOCAB,false,NA
vocabulary,VOCAB,false,NA
domain,VOCAB,false,NA
concept_class,VOCAB,false,NA
concept_relationship,VOCAB,false,NA
relationship,VOCAB,false,NA
concept_synonym,VOCAB,false,NA
concept_ancestor,VOCAB,false,NA
source_to_concept_map,VOCAB,false,NA
drug_strength,VOCAB,false,NA
cohort,RESULTS,false,NA
cohort_definition,RESULTS,false,NA
