cdmTableName,cdmFieldName,isRequired,cdmDatatype,isPrimaryKey,isForeignKey,fkTableName,fkFieldName,fkDomain,fkClass
person,person_id,TRUE,integer,TRUE,FALSE,NA,NA,NA,NA
person,gender_concept_id,TRUE,integer,FALSE,TRUE,CONCEPT,CONCEPT_ID,Gender,NA
person,year_of_birth,TRUE,integer,FALSE,FALSE,NA,NA,NA,NA
person,month_of_birth,FALSE,integer,FALSE,FALSE,NA,NA,NA,NA
person,day_of_birth,FALSE,integer,FALSE,FALSE,NA,NA,NA,NA
person,birth_datetime,FALSE,datetime,FALSE,FALSE,NA,NA,NA,NA
person,race_concept_id,TRUE,integer,FALSE,TRUE,CONCEPT,CONCEPT_ID,Race,NA
person,ethnicity_concept_id,TRUE,integer,FALSE,TRUE,CONCEPT,CONCEPT_ID,Ethnicity,NA
person,location_id,FALSE,integer,FALSE,TRUE,LOCATION,LOCATION_ID,NA,NA
person,provider_id,FALSE,integer,FALSE,TRUE,PROVIDER,PROVIDER_ID,NA,NA
person,care_site_id,FALSE,integer,FALSE,TRUE,CARE_SITE,CARE_SITE_ID,NA,NA
person,person_source_value,FALSE,varchar(50),FALSE,FALSE,NA,NA,NA,NA
person,gender_source_value,FALSE,varchar(50),FALSE,FALSE,NA,NA,NA,NA
person,gender_source_concept_id,FALSE,integer,FALSE,TRUE,CONCEPT,CONCEPT_ID,NA,NA
person,race_source_value,FALSE,varchar(50),FALSE,FALSE,NA,NA,NA,NA
person,race_source_concept_id,FALSE,integer,FALSE,TRUE,CONCEPT,CONCEPT_ID,NA,NA
person,ethnicity_source_value,FALSE,varchar(50),FALSE,FALSE,NA,NA,NA,NA
person,ethnicity_source_concept_id,FALSE,integer,FALSE,TRUE,CONCEPT,CONCEPT_ID,NA,NA
observation_period,observation_period_id,TRUE,integer,TRUE,FALSE,NA,NA,NA,NA
observation_period,person_id,TRUE,integer,FALSE,TRUE,PERSON,PERSON_ID,NA,NA
observation_period,observation_period_start_date,TRUE,date,FALSE,FALSE,NA,NA,NA,NA
observation_period,observation_period_end_date,TRUE,date,FALSE,FALSE,NA,NA,NA,NA
observation_period,period_type_concept_id,TRUE,integer,FALSE,TRUE,CONCEPT,CONCEPT_ID,Type Concept,NA
visit_occurrence,visit_occurrence_id,TRUE,integer,TRUE,FALSE,NA,NA,NA,NA
visit_occurrence,person_id,TRUE,integer,FALSE,TRUE,PERSON,PERSON_ID,NA,NA
visit_occurrence,visit_concept_id,TRUE,integer,FALSE,TRUE,CONCEPT,CONCEPT_ID,Visit,NA
visit_occurrence,visit_start_date,TRUE,date,FALSE,FALSE,NA,NA,NA,NA
visit_occurrence,visit_start_datetime,FALSE,datetime,FALSE,FALSE,NA,NA,NA,NA
visit_occurrence,visit_end_date,TRUE,date,FALSE,FALSE,NA,NA,NA,NA
visit_occurrence,visit_end_datetime,FALSE,datetime,FALSE,FALSE,NA,NA,NA,NA
visit_occurrence,visit_type_concept_id,TRUE,Integer,FALSE,TRUE,CONCEPT,CONCEPT_ID,Type Concept,NA
visit_occurrence,provider_id,FALSE,integer,FALSE,TRUE,PROVIDER,PROVIDER_ID,NA,NA
visit_occurrence,care_site_id,FALSE,integer,FALSE,TRUE,CARE_SITE,CARE_SITE_ID,NA,NA
visit_occurrence,visit_source_value,FALSE,varchar(50),FALSE,FALSE,NA,NA,NA,NA
visit_occurrence,visit_source_concept_id,FALSE,integer,FALSE,TRUE,CONCEPT,CONCEPT_ID,NA,NA
visit_occurrence,admitted_from_concept_id,FALSE,integer,FALSE,TRUE,CONCEPT,CONCEPT_ID,Visit,NA
visit_occurrence,admitted_from_source_value,FALSE,varchar(50),FALSE,FALSE,NA,NA,NA,NA
visit_occurrence,discharged_to_concept_id,FALSE,integer,FALSE,TRUE,CONCEPT,CONCEPT_ID,Visit,NA
visit_occurrence,discharged_to_source_value,FALSE,varchar(50),FALSE,FALSE,NA,NA,NA,NA
visit_occurrence,preceding_visit_occurrence_id,FALSE,integer,FALSE,TRUE,VISIT_OCCURRENCE,VISIT_OCCURRENCE_ID,NA,NA
visit_detail,visit_detail_id,TRUE,integer,TRUE,FALSE,NA,NA,NA,NA
visit_detail,person_id,TRUE,integer,FALSE,TRUE,PERSON,PERSON_ID,NA,NA
visit_detail,visit_detail_concept_id,TRUE,integer,FALSE,TRUE,CONCEPT,CONCEPT_ID,Visit,NA
visit_detail,visit_detail_start_date,TRUE,date,FALSE,FALSE,NA,NA,NA,NA
visit_detail,visit_detail_start_datetime,FALSE,datetime,FALSE,FALSE,NA,NA,NA,NA
visit_detail,visit_detail_end_date,TRUE,date,FALSE,FALSE,NA,NA,NA,NA
visit_detail,visit_detail_end_datetime,FALSE,datetime,FALSE,FALSE,NA,NA,NA,NA
visit_detail,visit_detail_type_concept_id,TRUE,integer,FALSE,TRUE,CONCEPT,CONCEPT_ID,Type Concept,NA
visit_detail,provider_id,FALSE,integer,FALSE,TRUE,PROVIDER,PROVIDER_ID,NA,NA
visit_detail,care_site_id,FALSE,integer,FALSE,TRUE,CARE_SITE,CARE_SITE_ID,NA,NA
visit_detail,visit_detail_source_value,FALSE,varchar(50),FALSE,FALSE,NA,NA,NA,NA
visit_detail,visit_detail_source_concept_id,FALSE,integer,FALSE,TRUE,CONCEPT,CONCEPT_ID,NA,NA
visit_detail,admitted_from_concept_id,FALSE,integer,FALSE,TRUE,CONCEPT,CONCEPT_ID,Visit,NA
visit_detail,admitted_from_source_value,FALSE,varchar(50),FALSE,FALSE,NA,NA,NA,NA
visit_detail,discharged_to_source_value,FALSE,varchar(50),FALSE,FALSE,NA,NA,NA,NA
visit_detail,discharged_to_concept_id,FALSE,integer,FALSE,TRUE,CONCEPT,CONCEPT_ID,Visit,NA
visit_detail,preceding_visit_detail_id,FALSE,integer,FALSE,TRUE,VISIT_DETAIL,VISIT_DETAIL_ID,NA,NA
visit_detail,parent_visit_detail_id,FALSE,integer,FALSE,TRUE,VISIT_DETAIL,VISIT_DETAIL_ID,NA,NA
visit_detail,visit_occurrence_id,TRUE,integer,FALSE,TRUE,VISIT_OCCURRENCE,VISIT_OCCURRENCE_ID,NA,NA
condition_occurrence,condition_occurrence_id,TRUE,integer,TRUE,FALSE,NA,NA,NA,NA
condition_occurrence,person_id,TRUE,integer,FALSE,TRUE,PERSON,PERSON_ID,NA,NA
condition_occurrence,condition_concept_id,TRUE,integer,FALSE,TRUE,CONCEPT,CONCEPT_ID,Condition,NA
condition_occurrence,condition_start_date,TRUE,date,FALSE,FALSE,NA,NA,NA,NA
condition_occurrence,condition_start_datetime,FALSE,datetime,FALSE,FALSE,NA,NA,NA,NA
condition_occurrence,condition_end_date,FALSE,date,FALSE,FALSE,NA,NA,NA,NA
condition_occurrence,condition_end_datetime,FALSE,datetime,FALSE,FALSE,NA,NA,NA,NA
condition_occurrence,condition_type_concept_id,TRUE,integer,FALSE,TRUE,CONCEPT,CONCEPT_ID,Type Concept,NA
condition_occurrence,condition_status_concept_id,FALSE,integer,FALSE,TRUE,CONCEPT,CONCEPT_ID,Condition Status,NA
condition_occurrence,stop_reason,FALSE,varchar(20),FALSE,FALSE,NA,NA,NA,NA
condition_occurrence,provider_id,FALSE,integer,FALSE,TRUE,PROVIDER,PROVIDER_ID,NA,NA
condition_occurrence,visit_occurrence_id,FALSE,integer,FALSE,TRUE,VISIT_OCCURRENCE,VISIT_OCCURRENCE_ID,NA,NA
condition_occurrence,visit_detail_id,FALSE,integer,FALSE,TRUE,VISIT_DETAIL,VISIT_DETAIL_ID,NA,NA
condition_occurrence,condition_source_value,FALSE,varchar(50),FALSE,FALSE,NA,NA,NA,NA
condition_occurrence,condition_source_concept_id,FALSE,integer,FALSE,TRUE,CONCEPT,CONCEPT_ID,NA,NA
condition_occurrence,condition_status_source_value,FALSE,varchar(50),FALSE,FALSE,NA,NA,NA,NA
drug_exposure,drug_exposure_id,TRUE,integer,TRUE,FALSE,NA,NA,NA,NA
drug_exposure,person_id,TRUE,integer,FALSE,TRUE,PERSON,PERSON_ID,NA,NA
drug_exposure,drug_concept_id,TRUE,integer,FALSE,TRUE,CONCEPT,CONCEPT_ID,Drug,NA
drug_exposure,drug_exposure_start_date,TRUE,date,FALSE,FALSE,NA,NA,NA,NA
drug_exposure,drug_exposure_start_datetime,FALSE,datetime,FALSE,FALSE,NA,NA,NA,NA
drug_exposure,drug_exposure_end_date,TRUE,date,FALSE,FALSE,NA,NA,NA,NA
drug_exposure,drug_exposure_end_datetime,FALSE,datetime,FALSE,FALSE,NA,NA,NA,NA
drug_exposure,verbatim_end_date,FALSE,date,FALSE,FALSE,NA,NA,NA,NA
drug_exposure,drug_type_concept_id,TRUE,integer,FALSE,TRUE,CONCEPT,CONCEPT_ID,Type Concept,NA
drug_exposure,stop_reason,FALSE,varchar(20),FALSE,FALSE,NA,NA,NA,NA
drug_exposure,refills,FALSE,integer,FALSE,FALSE,NA,NA,NA,NA
drug_exposure,quantity,FALSE,float,FALSE,FALSE,NA,NA,NA,NA
drug_exposure,days_supply,FALSE,integer,FALSE,FALSE,NA,NA,NA,NA
drug_exposure,sig,FALSE,varchar(MAX),FALSE,FALSE,NA,NA,NA,NA
drug_exposure,route_concept_id,FALSE,integer,FALSE,TRUE,CONCEPT,CONCEPT_ID,Route,NA
drug_exposure,lot_number,FALSE,varchar(50),FALSE,FALSE,NA,NA,NA,NA
drug_exposure,provider_id,FALSE,integer,FALSE,TRUE,PROVIDER,PROVIDER_ID,NA,NA
drug_exposure,visit_occurrence_id,FALSE,integer,FALSE,TRUE,VISIT_OCCURRENCE,VISIT_OCCURRENCE_ID,NA,NA
drug_exposure,visit_detail_id,FALSE,integer,FALSE,TRUE,VISIT_DETAIL,VISIT_DETAIL_ID,NA,NA
drug_exposure,drug_source_value,FALSE,varchar(50),FALSE,FALSE,NA,NA,NA,NA
drug_exposure,drug_source_concept_id,FALSE,integer,FALSE,TRUE,CONCEPT,CONCEPT_ID,NA,NA
drug_exposure,route_source_value,FALSE,varchar(50),FALSE,FALSE,NA,NA,NA,NA
drug_exposure,dose_unit_source_value,FALSE,varchar(50),FALSE,FALSE,NA,NA,NA,NA
procedure_occurrence,procedure_occurrence_id,TRUE,integer,TRUE,FALSE,NA,NA,NA,NA
procedure_occurrence,person_id,TRUE,integer,FALSE,TRUE,PERSON,PERSON_ID,NA,NA
procedure_occurrence,procedure_concept_id,TRUE,integer,FALSE,TRUE,CONCEPT,CONCEPT_ID,Procedure,NA
procedure_occurrence,procedure_date,TRUE,date,FALSE,FALSE,NA,NA,NA,NA
procedure_occurrence,procedure_datetime,FALSE,datetime,FALSE,FALSE,NA,NA,NA,NA
procedure_occurrence,procedure_end_date,FALSE,date,FALSE,FALSE,NA,NA,NA,NA
procedure_occurrence,procedure_end_datetime,FALSE,datetime,FALSE,FALSE,NA,NA,NA,NA
procedure_occurrence,procedure_type_concept_id,TRUE,integer,FALSE,TRUE,CONCEPT,CONCEPT_ID,Type Concept,NA
procedure_occurrence,modifier_concept_id,FALSE,integer,FALSE,TRUE,CONCEPT,CONCEPT_ID,NA,NA
procedure_occurrence,quantity,FALSE,integer,FALSE,FALSE,NA,NA,NA,NA
procedure_occurrence,provider_id,FALSE,integer,FALSE,TRUE,PROVIDER,PROVIDER_ID,NA,NA
procedure_occurrence,visit_occurrence_id,FALSE,integer,FALSE,TRUE,VISIT_OCCURRENCE,VISIT_OCCURRENCE_ID,NA,NA
procedure_occurrence,visit_detail_id,FALSE,integer,FALSE,TRUE,VISIT_DETAIL,VISIT_DETAIL_ID,NA,NA
procedure_occurrence,procedure_source_value,FALSE,varchar(50),FALSE,FALSE,NA,NA,NA,NA
procedure_occurrence,procedure_source_concept_id,FALSE,integer,FALSE,TRUE,CONCEPT,CONCEPT_ID,NA,NA
procedure_occurrence,modifier_source_value,FALSE,varchar(50),FALSE,FALSE,NA,NA,NA,NA
device_exposure,device_exposure_id,TRUE,integer,TRUE,FALSE,NA,NA,NA,NA
device_exposure,person_id,TRUE,integer,FALSE,TRUE,PERSON,PERSON_ID,NA,NA
device_exposure,device_concept_id,TRUE,integer,FALSE,TRUE,CONCEPT,CONCEPT_ID,Device,NA
device_exposure,device_exposure_start_date,TRUE,date,FALSE,FALSE,NA,NA,NA,NA
device_exposure,device_exposure_start_datetime,FALSE,datetime,FALSE,FALSE,NA,NA,NA,NA
device_exposure,device_exposure_end_date,FALSE,date,FALSE,FALSE,NA,NA,NA,NA
device_exposure,device_exposure_end_datetime,FALSE,datetime,FALSE,FALSE,NA,NA,NA,NA
device_exposure,device_type_concept_id,TRUE,integer,FALSE,TRUE,CONCEPT,CONCEPT_ID,Type Concept,NA
device_exposure,unique_device_id,FALSE,varchar(255),FALSE,FALSE,NA,NA,NA,NA
device_exposure,production_id,FALSE,varchar(255),FALSE,FALSE,NA,NA,NA,NA
device_exposure,quantity,FALSE,integer,FALSE,FALSE,NA,NA,NA,NA
device_exposure,provider_id,FALSE,integer,FALSE,TRUE,PROVIDER,PROVIDER_ID,NA,NA
device_exposure,visit_occurrence_id,FALSE,integer,FALSE,TRUE,VISIT_OCCURRENCE,VISIT_OCCURRENCE_ID,NA,NA
device_exposure,visit_detail_id,FALSE,integer,FALSE,TRUE,VISIT_DETAIL,VISIT_DETAIL_ID,NA,NA
device_exposure,device_source_value,FALSE,varchar(50),FALSE,FALSE,NA,NA,NA,NA
device_exposure,device_source_concept_id,FALSE,integer,FALSE,TRUE,CONCEPT,CONCEPT_ID,NA,NA
device_exposure,unit_concept_id,FALSE,integer,FALSE,TRUE,CONCEPT,CONCEPT_ID,Unit,NA
device_exposure,unit_source_value,FALSE,varchar(50),FALSE,FALSE,NA,NA,NA,NA
device_exposure,unit_source_concept_id,FALSE,integer,FALSE,TRUE,CONCEPT,CONCEPT_ID,NA,NA
measurement,measurement_id,TRUE,integer,TRUE,FALSE,NA,NA,NA,NA
measurement,person_id,TRUE,integer,FALSE,TRUE,PERSON,PERSON_ID,NA,NA
measurement,measurement_concept_id,TRUE,integer,FALSE,TRUE,CONCEPT,CONCEPT_ID,Measurement,NA
measurement,measurement_date,TRUE,date,FALSE,FALSE,NA,NA,NA,NA
measurement,measurement_datetime,FALSE,datetime,FALSE,FALSE,NA,NA,NA,NA
measurement,measurement_time,FALSE,varchar(10),FALSE,FALSE,NA,NA,NA,NA
measurement,measurement_type_concept_id,TRUE,integer,FALSE,TRUE,CONCEPT,CONCEPT_ID,Type Concept,NA
measurement,operator_concept_id,FALSE,integer,FALSE,TRUE,CONCEPT,CONCEPT_ID,NA,NA
measurement,value_as_number,FALSE,float,FALSE,FALSE,NA,NA,NA,NA
measurement,value_as_concept_id,FALSE,integer,FALSE,TRUE,CONCEPT,CONCEPT_ID,NA,NA
measurement,unit_concept_id,FALSE,integer,FALSE,TRUE,CONCEPT,CONCEPT_ID,Unit,NA
measurement,range_low,FALSE,float,FALSE,FALSE,NA,NA,NA,NA
measurement,range_high,FALSE,float,FALSE,FALSE,NA,NA,NA,NA
measurement,provider_id,FALSE,integer,FALSE,TRUE,PROVIDER,PROVIDER_ID,NA,NA
measurement,visit_occurrence_id,FALSE,integer,FALSE,TRUE,VISIT_OCCURRENCE,VISIT_OCCURRENCE_ID,NA,NA
measurement,visit_detail_id,FALSE,integer,FALSE,TRUE,VISIT_DETAIL,VISIT_DETAIL_ID,NA,NA
measurement,measurement_source_value,FALSE,varchar(50),FALSE,FALSE,NA,NA,NA,NA
measurement,measurement_source_concept_id,FALSE,integer,FALSE,TRUE,CONCEPT,CONCEPT_ID,NA,NA
measurement,unit_source_value,FALSE,varchar(50),FALSE,FALSE,NA,NA,NA,NA
measurement,unit_source_concept_id,FALSE,integer,FALSE,TRUE,CONCEPT,CONCEPT_ID,NA,NA
measurement,value_source_value,FALSE,varchar(50),FALSE,FALSE,NA,NA,NA,NA
measurement,measurement_event_id,FALSE,integer,FALSE,FALSE,NA,NA,NA,NA
measurement,meas_event_field_concept_id,FALSE,integer,FALSE,TRUE,CONCEPT,CONCEPT_ID,NA,NA
observation,observation_id,TRUE,integer,TRUE,FALSE,NA,NA,NA,NA
observation,person_id,TRUE,integer,FALSE,TRUE,PERSON,PERSON_ID,NA,NA
observation,observation_concept_id,TRUE,integer,FALSE,TRUE,CONCEPT,CONCEPT_ID,NA,NA
observation,observation_date,TRUE,date,FALSE,FALSE,NA,NA,NA,NA
observation,observation_datetime,FALSE,datetime,FALSE,FALSE,NA,NA,NA,NA
observation,observation_type_concept_id,TRUE,integer,FALSE,TRUE,CONCEPT,CONCEPT_ID,Type Concept,NA
observation,value_as_number,FALSE,float,FALSE,FALSE,NA,NA,NA,NA
observation,value_as_string,FALSE,varchar(60),FALSE,FALSE,NA,NA,NA,NA
observation,value_as_concept_id,FALSE,integer,FALSE,TRUE,CONCEPT,CONCEPT_ID,NA,NA
observation,qualifier_concept_id,FALSE,integer,FALSE,TRUE,CONCEPT,CONCEPT_ID,NA,NA
observation,unit_concept_id,FALSE,integer,FALSE,TRUE,CONCEPT,CONCEPT_ID,Unit,NA
observation,provider_id,FALSE,integer,FALSE,TRUE,PROVIDER,PROVIDER_ID,NA,NA
observation,visit_occurrence_id,FALSE,integer,FALSE,TRUE,VISIT_OCCURRENCE,VISIT_OCCURRENCE_ID,NA,NA
observation,visit_detail_id,FALSE,integer,FALSE,TRUE,VISIT_DETAIL,VISIT_DETAIL_ID,NA,NA
observation,observation_source_value,FALSE,varchar(50),FALSE,FALSE,NA,NA,NA,NA
observation,observation_source_concept_id,FALSE,integer,FALSE,TRUE,CONCEPT,CONCEPT_ID,NA,NA
observation,unit_source_value,FALSE,varchar(50),FALSE,FALSE,NA,NA,NA,NA
observation,qualifier_source_value,FALSE,varchar(50),FALSE,FALSE,NA,NA,NA,NA
observation,value_source_value,FALSE,varchar(50),FALSE,FALSE,NA,NA,NA,NA
observation,observation_event_id,FALSE,integer,FALSE,FALSE,NA,NA,NA,NA
observation,obs_event_field_concept_id,FALSE,integer,FALSE,TRUE,CONCEPT,CONCEPT_ID,NA,NA
death,person_id,TRUE,integer,FALSE,TRUE,PERSON,PERSON_ID,NA,NA
death,death_date,TRUE,date,FALSE,FALSE,NA,NA,NA,NA
death,death_datetime,FALSE,datetime,FALSE,FALSE,NA,NA,NA,NA
death,death_type_concept_id,FALSE,integer,FALSE,TRUE,CONCEPT,CONCEPT_ID,Type Concept,NA
death,cause_concept_id,FALSE,integer,FALSE,TRUE,CONCEPT,CONCEPT_ID,NA,NA
death,cause_source_value,FALSE,varchar(50),FALSE,FALSE,NA,NA,NA,NA
death,cause_source_concept_id,FALSE,integer,FALSE,TRUE,CONCEPT,CONCEPT_ID,NA,NA
note,note_id,TRUE,integer,TRUE,FALSE,NA,NA,NA,NA
note,person_id,TRUE,integer,FALSE,TRUE,PERSON,PERSON_ID,NA,NA
note,note_date,TRUE,date,FALSE,FALSE,NA,NA,NA,NA
note,note_datetime,FALSE,datetime,FALSE,FALSE,NA,NA,NA,NA
note,note_type_concept_id,TRUE,integer,FALSE,TRUE,CONCEPT,CONCEPT_ID,Type Concept,NA
note,note_class_concept_id,TRUE,integer,FALSE,TRUE,CONCEPT,CONCEPT_ID,NA,NA
note,note_title,FALSE,varchar(250),FALSE,FALSE,NA,NA,NA,NA
note,note_text,TRUE,varchar(MAX),FALSE,FALSE,NA,NA,NA,NA
note,encoding_concept_id,TRUE,integer,FALSE,TRUE,CONCEPT,CONCEPT_ID,NA,NA
note,language_concept_id,TRUE,integer,FALSE,TRUE,CONCEPT,CONCEPT_ID,NA,NA
note,provider_id,FALSE,integer,FALSE,TRUE,PROVIDER,PROVIDER_ID,NA,NA
note,visit_occurrence_id,FALSE,integer,FALSE,TRUE,VISIT_OCCURRENCE,VISIT_OCCURRENCE_ID,NA,NA
note,visit_detail_id,FALSE,integer,FALSE,TRUE,VISIT_DETAIL,VISIT_DETAIL_ID,NA,NA
note,note_source_value,FALSE,varchar(50),FALSE,FALSE,NA,NA,NA,NA
note,note_event_id,FALSE,integer,FALSE,FALSE,NA,NA,NA,NA
note,note_event_field_concept_id,FALSE,integer,FALSE,TRUE,CONCEPT,CONCEPT_ID,NA,NA
note_nlp,note_nlp_id,TRUE,integer,TRUE,FALSE,NA,NA,NA,NA
note_nlp,note_id,TRUE,integer,FALSE,TRUE,NOTE,NOTE_ID,NA,NA
note_nlp,section_concept_id,FALSE,integer,FALSE,TRUE,CONCEPT,CONCEPT_ID,NA,NA
note_nlp,snippet,FALSE,varchar(250),FALSE,FALSE,NA,NA,NA,NA
note_nlp,"""offset""",FALSE,varchar(50),FALSE,FALSE,NA,NA,NA,NA
note_nlp,lexical_variant,TRUE,varchar(250),FALSE,FALSE,NA,NA,NA,NA
note_nlp,note_nlp_concept_id,FALSE,integer,FALSE,TRUE,CONCEPT,CONCEPT_ID,NA,NA
note_nlp,note_nlp_source_concept_id,FALSE,integer,FALSE,TRUE,CONCEPT,CONCEPT_ID,NA,NA
note_nlp,nlp_system,FALSE,varchar(250),FALSE,FALSE,NA,NA,NA,NA
note_nlp,nlp_date,TRUE,date,FALSE,FALSE,NA,NA,NA,NA
note_nlp,nlp_datetime,FALSE,datetime,FALSE,FALSE,NA,NA,NA,NA
note_nlp,term_exists,FALSE,varchar(1),FALSE,FALSE,NA,NA,NA,NA
note_nlp,term_temporal,FALSE,varchar(50),FALSE,FALSE,NA,NA,NA,NA
note_nlp,term_modifiers,FALSE,varchar(2000),FALSE,FALSE,NA,NA,NA,NA
specimen,specimen_id,TRUE,integer,TRUE,FALSE,NA,NA,NA,NA
specimen,person_id,TRUE,integer,FALSE,TRUE,PERSON,PERSON_ID,NA,NA
specimen,specimen_concept_id,TRUE,integer,FALSE,TRUE,CONCEPT,CONCEPT_ID,NA,NA
specimen,specimen_type_concept_id,TRUE,integer,FALSE,TRUE,CONCEPT,CONCEPT_ID,Type Concept,NA
specimen,specimen_date,TRUE,date,FALSE,FALSE,NA,NA,NA,NA
specimen,specimen_datetime,FALSE,datetime,FALSE,FALSE,NA,NA,NA,NA
specimen,quantity,FALSE,float,FALSE,FALSE,NA,NA,NA,NA
specimen,unit_concept_id,FALSE,integer,FALSE,TRUE,CONCEPT,CONCEPT_ID,NA,NA
specimen,anatomic_site_concept_id,FALSE,integer,FALSE,TRUE,CONCEPT,CONCEPT_ID,NA,NA
specimen,disease_status_concept_id,FALSE,integer,FALSE,TRUE,CONCEPT,CONCEPT_ID,NA,NA
specimen,specimen_source_id,FALSE,varchar(50),FALSE,FALSE,NA,NA,NA,NA
specimen,specimen_source_value,FALSE,varchar(50),FALSE,FALSE,NA,NA,NA,NA
specimen,unit_source_value,FALSE,varchar(50),FALSE,FALSE,NA,NA,NA,NA
specimen,anatomic_site_source_value,FALSE,varchar(50),FALSE,FALSE,NA,NA,NA,NA
specimen,disease_status_source_value,FALSE,varchar(50),FALSE,FALSE,NA,NA,NA,NA
fact_relationship,domain_concept_id_1,TRUE,integer,FALSE,TRUE,CONCEPT,CONCEPT_ID,NA,NA
fact_relationship,fact_id_1,TRUE,integer,FALSE,FALSE,NA,NA,NA,NA
fact_relationship,domain_concept_id_2,TRUE,integer,FALSE,TRUE,CONCEPT,CONCEPT_ID,NA,NA
fact_relationship,fact_id_2,TRUE,integer,FALSE,FALSE,NA,NA,NA,NA
fact_relationship,relationship_concept_id,TRUE,integer,FALSE,TRUE,CONCEPT,CONCEPT_ID,NA,NA
location,location_id,TRUE,integer,TRUE,FALSE,NA,NA,NA,NA
location,address_1,FALSE,varchar(50),FALSE,FALSE,NA,NA,NA,NA
location,address_2,FALSE,varchar(50),FALSE,FALSE,NA,NA,NA,NA
location,city,FALSE,varchar(50),FALSE,FALSE,NA,NA,NA,NA
location,state,FALSE,varchar(2),FALSE,FALSE,NA,NA,NA,NA
location,zip,FALSE,varchar(9),FALSE,FALSE,NA,NA,NA,NA
location,county,FALSE,varchar(20),FALSE,FALSE,NA,NA,NA,NA
location,location_source_value,FALSE,varchar(50),FALSE,FALSE,NA,NA,NA,NA
location,country_concept_id,FALSE,integer,FALSE,TRUE,CONCEPT,CONCEPT_ID,NA,NA
location,country_source_value,FALSE,varchar(80),FALSE,FALSE,NA,NA,NA,NA
location,latitude,FALSE,float,FALSE,FALSE,NA,NA,NA,NA
location,longitude,FALSE,float,FALSE,FALSE,NA,NA,NA,NA
care_site,care_site_id,TRUE,integer,TRUE,FALSE,NA,NA,NA,NA
care_site,care_site_name,FALSE,varchar(255),FALSE,FALSE,NA,NA,NA,NA
care_site,place_of_service_concept_id,FALSE,integer,FALSE,TRUE,CONCEPT,CONCEPT_ID,NA,NA
care_site,location_id,FALSE,integer,FALSE,TRUE,LOCATION,LOCATION_ID,NA,NA
care_site,care_site_source_value,FALSE,varchar(50),FALSE,FALSE,NA,NA,NA,NA
care_site,place_of_service_source_value,FALSE,varchar(50),FALSE,FALSE,NA,NA,NA,NA
provider,provider_id,TRUE,integer,TRUE,FALSE,NA,NA,NA,NA
provider,provider_name,FALSE,varchar(255),FALSE,FALSE,NA,NA,NA,NA
provider,npi,FALSE,varchar(20),FALSE,FALSE,NA,NA,NA,NA
provider,dea,FALSE,varchar(20),FALSE,FALSE,NA,NA,NA,NA
provider,specialty_concept_id,FALSE,integer,FALSE,TRUE,CONCEPT,CONCEPT_ID,NA,NA
provider,care_site_id,FALSE,integer,FALSE,TRUE,CARE_SITE,CARE_SITE_ID,NA,NA
provider,year_of_birth,FALSE,integer,FALSE,FALSE,NA,NA,NA,NA
provider,gender_concept_id,FALSE,integer,FALSE,TRUE,CONCEPT,CONCEPT_ID,Gender,NA
provider,provider_source_value,FALSE,varchar(50),FALSE,FALSE,NA,NA,NA,NA
provider,specialty_source_value,FALSE,varchar(50),FALSE,FALSE,NA,NA,NA,NA
provider,specialty_source_concept_id,FALSE,integer,FALSE,TRUE,CONCEPT,CONCEPT_ID,NA,NA
provider,gender_source_value,FALSE,varchar(50),FALSE,FALSE,NA,NA,NA,NA
provider,gender_source_concept_id,FALSE,integer,FALSE,TRUE,CONCEPT,CONCEPT_ID,NA,NA
payer_plan_period,payer_plan_period_id,TRUE,integer,TRUE,FALSE,NA,NA,NA,NA
payer_plan_period,person_id,TRUE,integer,FALSE,TRUE,PERSON,PERSON_ID,NA,NA
payer_plan_period,payer_plan_period_start_date,TRUE,date,FALSE,FALSE,NA,NA,NA,NA
payer_plan_period,payer_plan_period_end_date,TRUE,date,FALSE,FALSE,NA,NA,NA,NA
payer_plan_period,payer_concept_id,FALSE,integer,FALSE,TRUE,CONCEPT,CONCEPT_ID,NA,NA
payer_plan_period,payer_source_value,FALSE,varchar(50),FALSE,FALSE,NA,NA,NA,NA
payer_plan_period,payer_source_concept_id,FALSE,integer,FALSE,TRUE,CONCEPT,CONCEPT_ID,NA,NA
payer_plan_period,plan_concept_id,FALSE,integer,FALSE,TRUE,CONCEPT,CONCEPT_ID,NA,NA
payer_plan_period,plan_source_value,FALSE,varchar(50),FALSE,FALSE,NA,NA,NA,NA
payer_plan_period,plan_source_concept_id,FALSE,integer,FALSE,TRUE,CONCEPT,CONCEPT_ID,NA,NA
payer_plan_period,sponsor_concept_id,FALSE,integer,FALSE,TRUE,CONCEPT,CONCEPT_ID,NA,NA
payer_plan_period,sponsor_source_value,FALSE,varchar(50),FALSE,FALSE,NA,NA,NA,NA
payer_plan_period,sponsor_source_concept_id,FALSE,integer,FALSE,TRUE,CONCEPT,CONCEPT_ID,NA,NA
payer_plan_period,family_source_value,FALSE,varchar(50),FALSE,FALSE,NA,NA,NA,NA
payer_plan_period,stop_reason_concept_id,FALSE,integer,FALSE,TRUE,CONCEPT,CONCEPT_ID,NA,NA
payer_plan_period,stop_reason_source_value,FALSE,varchar(50),FALSE,FALSE,NA,NA,NA,NA
payer_plan_period,stop_reason_source_concept_id,FALSE,integer,FALSE,TRUE,CONCEPT,CONCEPT_ID,NA,NA
cost,cost_id,TRUE,integer,TRUE,FALSE,NA,NA,NA,NA
cost,cost_event_id,TRUE,integer,FALSE,FALSE,NA,NA,NA,NA
cost,cost_domain_id,TRUE,varchar(20),FALSE,TRUE,DOMAIN,DOMAIN_ID,NA,NA
cost,cost_type_concept_id,TRUE,integer,FALSE,TRUE,CONCEPT,CONCEPT_ID,NA,NA
cost,currency_concept_id,FALSE,integer,FALSE,TRUE,CONCEPT,CONCEPT_ID,NA,NA
cost,total_charge,FALSE,float,FALSE,FALSE,NA,NA,NA,NA
cost,total_cost,FALSE,float,FALSE,FALSE,NA,NA,NA,NA
cost,total_paid,FALSE,float,FALSE,FALSE,NA,NA,NA,NA
cost,paid_by_payer,FALSE,float,FALSE,FALSE,NA,NA,NA,NA
cost,paid_by_patient,FALSE,float,FALSE,FALSE,NA,NA,NA,NA
cost,paid_patient_copay,FALSE,float,FALSE,FALSE,NA,NA,NA,NA
cost,paid_patient_coinsurance,FALSE,float,FALSE,FALSE,NA,NA,NA,NA
cost,paid_patient_deductible,FALSE,float,FALSE,FALSE,NA,NA,NA,NA
cost,paid_by_primary,FALSE,float,FALSE,FALSE,NA,NA,NA,NA
cost,paid_ingredient_cost,FALSE,float,FALSE,FALSE,NA,NA,NA,NA
cost,paid_dispensing_fee,FALSE,float,FALSE,FALSE,NA,NA,NA,NA
cost,payer_plan_period_id,FALSE,integer,FALSE,FALSE,NA,NA,NA,NA
cost,amount_allowed,FALSE,float,FALSE,FALSE,NA,NA,NA,NA
cost,revenue_code_concept_id,FALSE,integer,FALSE,TRUE,CONCEPT,CONCEPT_ID,NA,NA
cost,revenue_code_source_value,FALSE,varchar(50),FALSE,FALSE,NA,NA,NA,NA
cost,drg_concept_id,FALSE,integer,FALSE,TRUE,CONCEPT,CONCEPT_ID,NA,NA
cost,drg_source_value,FALSE,varchar(3),FALSE,FALSE,NA,NA,NA,NA
drug_era,drug_era_id,TRUE,integer,TRUE,FALSE,NA,NA,NA,NA
drug_era,person_id,TRUE,integer,FALSE,TRUE,PERSON,PERSON_ID,NA,NA
drug_era,drug_concept_id,TRUE,integer,FALSE,TRUE,CONCEPT,CONCEPT_ID,Drug,Ingredient
drug_era,drug_era_start_date,TRUE,date,FALSE,FALSE,NA,NA,NA,NA
drug_era,drug_era_end_date,TRUE,date,FALSE,FALSE,NA,NA,NA,NA
drug_era,drug_exposure_count,FALSE,integer,FALSE,FALSE,NA,NA,NA,NA
drug_era,gap_days,FALSE,integer,FALSE,FALSE,NA,NA,NA,NA
dose_era,dose_era_id,TRUE,integer,TRUE,FALSE,NA,NA,NA,NA
dose_era,person_id,TRUE,integer,FALSE,TRUE,PERSON,PERSON_ID,NA,NA
dose_era,drug_concept_id,TRUE,integer,FALSE,TRUE,CONCEPT,CONCEPT_ID,Drug,Ingredient
dose_era,unit_concept_id,TRUE,integer,FALSE,TRUE,CONCEPT,CONCEPT_ID,Unit,NA
dose_era,dose_value,TRUE,float,FALSE,FALSE,NA,NA,NA,NA
dose_era,dose_era_start_date,TRUE,date,FALSE,FALSE,NA,NA,NA,NA
dose_era,dose_era_end_date,TRUE,date,FALSE,FALSE,NA,NA,NA,NA
condition_era,condition_era_id,TRUE,integer,TRUE,FALSE,NA,NA,NA,NA
condition_era,person_id,TRUE,integer,FALSE,TRUE,PERSON,PERSON_ID,NA,NA
condition_era,condition_concept_id,TRUE,integer,FALSE,TRUE,CONCEPT,CONCEPT_ID,Condition,NA
condition_era,condition_era_start_date,TRUE,date,FALSE,FALSE,NA,NA,NA,NA
condition_era,condition_era_end_date,TRUE,date,FALSE,FALSE,NA,NA,NA,NA
condition_era,condition_occurrence_count,FALSE,integer,FALSE,FALSE,NA,NA,NA,NA
episode,episode_id,TRUE,integer,TRUE,FALSE,NA,NA,NA,NA
episode,person_id,TRUE,integer,FALSE,TRUE,PERSON,PERSON_ID,NA,NA
episode,episode_concept_id,TRUE,integer,FALSE,TRUE,CONCEPT,CONCEPT_ID,Episode,NA
episode,episode_start_date,TRUE,date,FALSE,FALSE,NA,NA,NA,NA
episode,episode_start_datetime,FALSE,datetime,FALSE,FALSE,NA,NA,NA,NA
episode,episode_end_date,FALSE,date,FALSE,FALSE,NA,NA,NA,NA
episode,episode_end_datetime,FALSE,datetime,FALSE,FALSE,NA,NA,NA,NA
episode,episode_parent_id,FALSE,integer,FALSE,TRUE,EPISODE,EPISODE_ID,NA,NA
episode,episode_number,FALSE,integer,FALSE,FALSE,NA,NA,NA,NA
episode,episode_object_concept_id,TRUE,integer,FALSE,TRUE,CONCEPT,CONCEPT_ID,"Procedure, Regimen",NA
episode,episode_type_concept_id,TRUE,integer,FALSE,TRUE,CONCEPT,CONCEPT_ID,Type Concept,NA
episode,episode_source_value,FALSE,varchar(50),FALSE,FALSE,NA,NA,NA,NA
episode,episode_source_concept_id,FALSE,integer,FALSE,TRUE,CONCEPT,CONCEPT_ID,NA,NA
episode_event,episode_id,TRUE,integer,FALSE,TRUE,EPISODE,EPISODE_ID,NA,NA
episode_event,event_id,TRUE,integer,FALSE,FALSE,NA,NA,NA,NA
episode_event,episode_event_field_concept_id,TRUE,integer,FALSE,TRUE,CONCEPT,CONCEPT_ID,Metadata,NA
metadata,metadata_id,TRUE,integer,TRUE,FALSE,NA,NA,NA,NA
metadata,metadata_concept_id,TRUE,integer,FALSE,TRUE,CONCEPT,CONCEPT_ID,NA,NA
metadata,metadata_type_concept_id,TRUE,integer,FALSE,TRUE,CONCEPT,CONCEPT_ID,NA,NA
metadata,name,TRUE,varchar(250),FALSE,FALSE,NA,NA,NA,NA
metadata,value_as_string,FALSE,varchar(250),FALSE,FALSE,NA,NA,NA,NA
metadata,value_as_concept_id,FALSE,integer,FALSE,TRUE,CONCEPT,CONCEPT_ID,NA,NA
metadata,value_as_number,FALSE,float,FALSE,FALSE,NA,NA,NA,NA
metadata,metadata_date,FALSE,date,FALSE,FALSE,NA,NA,NA,NA
metadata,metadata_datetime,FALSE,datetime,FALSE,FALSE,NA,NA,NA,NA
cdm_source,cdm_source_name,TRUE,varchar(255),FALSE,FALSE,NA,NA,NA,NA
cdm_source,cdm_source_abbreviation,TRUE,varchar(25),FALSE,FALSE,NA,NA,NA,NA
cdm_source,cdm_holder,TRUE,varchar(255),FALSE,FALSE,NA,NA,NA,NA
cdm_source,source_description,FALSE,varchar(MAX),FALSE,FALSE,NA,NA,NA,NA
cdm_source,source_documentation_reference,FALSE,varchar(255),FALSE,FALSE,NA,NA,NA,NA
cdm_source,cdm_etl_reference,FALSE,varchar(255),FALSE,FALSE,NA,NA,NA,NA
cdm_source,source_release_date,TRUE,date,FALSE,FALSE,NA,NA,NA,NA
cdm_source,cdm_release_date,TRUE,date,FALSE,FALSE,NA,NA,NA,NA
cdm_source,cdm_version,FALSE,varchar(10),FALSE,FALSE,NA,NA,NA,NA
cdm_source,cdm_version_concept_id,TRUE,integer,FALSE,TRUE,CONCEPT,CONCEPT_ID,NA,NA
cdm_source,vocabulary_version,TRUE,varchar(20),FALSE,FALSE,NA,NA,NA,NA
concept,concept_id,TRUE,integer,TRUE,FALSE,NA,NA,NA,NA
concept,concept_name,TRUE,varchar(255),FALSE,FALSE,NA,NA,NA,NA
concept,domain_id,TRUE,varchar(20),FALSE,TRUE,DOMAIN,DOMAIN_ID,NA,NA
concept,vocabulary_id,TRUE,varchar(20),FALSE,TRUE,VOCABULARY,VOCABULARY_ID,NA,NA
concept,concept_class_id,TRUE,varchar(20),FALSE,TRUE,CONCEPT_CLASS,CONCEPT_CLASS_ID,NA,NA
concept,standard_concept,FALSE,varchar(1),FALSE,FALSE,NA,NA,NA,NA
concept,concept_code,TRUE,varchar(50),FALSE,FALSE,NA,NA,NA,NA
concept,valid_start_date,TRUE,date,FALSE,FALSE,NA,NA,NA,NA
concept,valid_end_date,TRUE,date,FALSE,FALSE,NA,NA,NA,NA
concept,invalid_reason,FALSE,varchar(1),FALSE,FALSE,NA,NA,NA,NA
vocabulary,vocabulary_id,TRUE,varchar(20),FALSE,FALSE,NA,NA,NA,NA
vocabulary,vocabulary_name,TRUE,varchar(255),FALSE,FALSE,NA,NA,NA,NA
vocabulary,vocabulary_reference,FALSE,varchar(255),FALSE,FALSE,NA,NA,NA,NA
vocabulary,vocabulary_version,FALSE,varchar(255),FALSE,FALSE,NA,NA,NA,NA
vocabulary,vocabulary_concept_id,TRUE,integer,FALSE,TRUE,CONCEPT,CONCEPT_ID,NA,NA
domain,domain_id,TRUE,varchar(20),TRUE,FALSE,NA,NA,NA,NA
domain,domain_name,TRUE,varchar(255),FALSE,FALSE,NA,NA,NA,NA
domain,domain_concept_id,TRUE,integer,FALSE,TRUE,CONCEPT,CONCEPT_ID,NA,NA
concept_class,concept_class_id,TRUE,varchar(20),TRUE,FALSE,NA,NA,NA,NA
concept_class,concept_class_name,TRUE,varchar(255),FALSE,FALSE,NA,NA,NA,NA
concept_class,concept_class_concept_id,TRUE,integer,FALSE,TRUE,CONCEPT,CONCEPT_ID,NA,NA
concept_relationship,concept_id_1,TRUE,integer,FALSE,TRUE,CONCEPT,CONCEPT_ID,NA,NA
concept_relationship,concept_id_2,TRUE,integer,FALSE,TRUE,CONCEPT,CONCEPT_ID,NA,NA
concept_relationship,relationship_id,TRUE,varchar(20),FALSE,TRUE,RELATIONSHIP,RELATIONSHIP_ID,NA,NA
concept_relationship,valid_start_date,TRUE,date,FALSE,FALSE,NA,NA,NA,NA
concept_relationship,valid_end_date,TRUE,date,FALSE,FALSE,NA,NA,NA,NA
concept_relationship,invalid_reason,FALSE,varchar(1),FALSE,FALSE,NA,NA,NA,NA
relationship,relationship_id,TRUE,varchar(20),TRUE,FALSE,NA,NA,NA,NA
relationship,relationship_name,TRUE,varchar(255),FALSE,FALSE,NA,NA,NA,NA
relationship,is_hierarchical,TRUE,varchar(1),FALSE,FALSE,NA,NA,NA,NA
relationship,defines_ancestry,TRUE,varchar(1),FALSE,FALSE,NA,NA,NA,NA
relationship,reverse_relationship_id,TRUE,varchar(20),FALSE,FALSE,NA,NA,NA,NA
relationship,relationship_concept_id,TRUE,integer,FALSE,TRUE,CONCEPT,CONCEPT_ID,NA,NA
concept_synonym,concept_id,TRUE,integer,FALSE,TRUE,CONCEPT,CONCEPT_ID,NA,NA
concept_synonym,concept_synonym_name,TRUE,varchar(1000),FALSE,FALSE,NA,NA,NA,NA
concept_synonym,language_concept_id,TRUE,integer,FALSE,TRUE,CONCEPT,CONCEPT_ID,NA,NA
concept_ancestor,ancestor_concept_id,TRUE,integer,FALSE,TRUE,CONCEPT,CONCEPT_ID,NA,NA
concept_ancestor,descendant_concept_id,TRUE,integer,FALSE,TRUE,CONCEPT,CONCEPT_ID,NA,NA
concept_ancestor,min_levels_of_separation,TRUE,integer,FALSE,FALSE,NA,NA,NA,NA
concept_ancestor,max_levels_of_separation,TRUE,integer,FALSE,FALSE,NA,NA,NA,NA
source_to_concept_map,source_code,TRUE,varchar(50),FALSE,FALSE,NA,NA,NA,NA
source_to_concept_map,source_concept_id,TRUE,integer,FALSE,TRUE,CONCEPT,CONCEPT_ID,NA,NA
source_to_concept_map,source_vocabulary_id,TRUE,varchar(20),FALSE,FALSE,NA,NA,NA,NA
source_to_concept_map,source_code_description,FALSE,varchar(255),FALSE,FALSE,NA,NA,NA,NA
source_to_concept_map,target_concept_id,TRUE,integer,FALSE,TRUE,CONCEPT,CONCEPT_ID,NA,NA
source_to_concept_map,target_vocabulary_id,TRUE,varchar(20),FALSE,TRUE,VOCABULARY,VOCABULARY_ID,NA,NA
source_to_concept_map,valid_start_date,TRUE,date,FALSE,FALSE,NA,NA,NA,NA
source_to_concept_map,valid_end_date,TRUE,date,FALSE,FALSE,NA,NA,NA,NA
source_to_concept_map,invalid_reason,FALSE,varchar(1),FALSE,FALSE,NA,NA,NA,NA
drug_strength,drug_concept_id,TRUE,integer,FALSE,TRUE,CONCEPT,CONCEPT_ID,NA,NA
drug_strength,ingredient_concept_id,TRUE,integer,FALSE,TRUE,CONCEPT,CONCEPT_ID,NA,NA
drug_strength,amount_value,FALSE,float,FALSE,FALSE,NA,NA,NA,NA
drug_strength,amount_unit_concept_id,FALSE,integer,FALSE,TRUE,CONCEPT,CONCEPT_ID,NA,NA
drug_strength,numerator_value,FALSE,float,FALSE,FALSE,NA,NA,NA,NA
drug_strength,numerator_unit_concept_id,FALSE,integer,FALSE,TRUE,CONCEPT,CONCEPT_ID,NA,NA
drug_strength,denominator_value,FALSE,float,FALSE,FALSE,NA,NA,NA,NA
drug_strength,denominator_unit_concept_id,FALSE,integer,FALSE,TRUE,CONCEPT,CONCEPT_ID,NA,NA
drug_strength,box_size,FALSE,integer,FALSE,FALSE,NA,NA,NA,NA
drug_strength,valid_start_date,TRUE,date,FALSE,FALSE,NA,NA,NA,NA
drug_strength,valid_end_date,TRUE,date,FALSE,FALSE,NA,NA,NA,NA
drug_strength,invalid_reason,FALSE,varchar(1),FALSE,FALSE,NA,NA,NA,NA
cohort,cohort_definition_id,TRUE,integer,FALSE,FALSE,NA,NA,NA,NA
cohort,subject_id,TRUE,integer,FALSE,FALSE,NA,NA,NA,NA
cohort,cohort_start_date,TRUE,date,FALSE,FALSE,NA,NA,NA,NA
cohort,cohort_end_date,TRUE,date,FALSE,FALSE,NA,NA,NA,NA
cohort_definition,cohort_definition_id,TRUE,integer,FALSE,FALSE,NA,NA,NA,NA
cohort_definition,cohort_definition_name,TRUE,varchar(255),FALSE,FALSE,NA,NA,NA,NA
cohort_definition,cohort_definition_description,FALSE,varchar(MAX),FALSE,FALSE,NA,NA,NA,NA
cohort_definition,definition_type_concept_id,TRUE,integer,FALSE,TRUE,CONCEPT,CONCEPT_ID,NA,NA
cohort_definition,cohort_definition_syntax,FALSE,varchar(MAX),FALSE,FALSE,NA,NA,NA,NA
cohort_definition,subject_concept_id,TRUE,integer,FALSE,TRUE,CONCEPT,CONCEPT_ID,NA,NA
cohort_definition,cohort_initiation_date,FALSE,date,FALSE,FALSE,NA,NA,NA,NA
