# SPEC_060 CBP coverage audit,2026-05-17T02:31:31.919901+00:00
# verdict,NO
# verdict: NO
# NAICS-4 × MSA is NOT feasible. Fall back to NAICS × state for the structural-density section (SPEC_061 §3); intake (SPEC_064) becomes NAICS × state with optional county/MSA narrowing for other sections.
"# census_business_patterns NAICS digit coverage: 2d=661, 3d=3236, 4d=10059, 5d=21005, 6d=28408"
"# census_cbp grain breakdown: county/6d: n=7160, counties=2792, states=55"
"# MSA coverage in census_cbp county rows: 359/393 MSAs ≥90% covered, 386/393 ≥50%"

section,naics_code,table,states_covered,counties_covered,years_covered,sum_establishments
naics_detail,1131,census_business_patterns,29,n/a (state grain),1,464
naics_detail,1132,census_business_patterns,18,n/a (state grain),1,154
naics_detail,1133,census_business_patterns,44,n/a (state grain),1,7439
naics_detail,1141,census_business_patterns,35,n/a (state grain),1,2188
naics_detail,1142,census_business_patterns,36,n/a (state grain),1,404
naics_detail,1151,census_business_patterns,44,n/a (state grain),1,5041
naics_detail,1152,census_business_patterns,48,n/a (state grain),1,4705
naics_detail,1153,census_business_patterns,43,n/a (state grain),1,1833
naics_detail,2111,census_business_patterns,37,n/a (state grain),1,5154
naics_detail,2121,census_business_patterns,18,n/a (state grain),1,474
naics_detail,2122,census_business_patterns,18,n/a (state grain),1,295
naics_detail,2123,census_business_patterns,48,n/a (state grain),1,5049
naics_detail,2131,census_business_patterns,44,n/a (state grain),1,11407
naics_detail,2211,census_business_patterns,49,n/a (state grain),1,12617
naics_detail,2212,census_business_patterns,48,n/a (state grain),1,2371
naics_detail,2213,census_business_patterns,48,n/a (state grain),1,4946
naics_detail,2361,census_business_patterns,49,n/a (state grain),1,199696
naics_detail,2362,census_business_patterns,49,n/a (state grain),1,41171
naics_detail,2371,census_business_patterns,49,n/a (state grain),1,19117
naics_detail,2372,census_business_patterns,48,n/a (state grain),1,4443
naics_detail,2373,census_business_patterns,48,n/a (state grain),1,8759
naics_detail,2379,census_business_patterns,47,n/a (state grain),1,4452
naics_detail,2381,census_business_patterns,48,n/a (state grain),1,97549
naics_detail,2382,census_business_patterns,47,n/a (state grain),1,189941
naics_detail,2383,census_business_patterns,47,n/a (state grain),1,118727
naics_detail,2389,census_business_patterns,47,n/a (state grain),1,75151
naics_detail,3111,census_business_patterns,43,n/a (state grain),1,1732
naics_detail,3112,census_business_patterns,40,n/a (state grain),1,889
naics_detail,3113,census_business_patterns,46,n/a (state grain),1,1773
naics_detail,3114,census_business_patterns,45,n/a (state grain),1,1787
naics_detail,3115,census_business_patterns,44,n/a (state grain),1,1447
naics_detail,3116,census_business_patterns,46,n/a (state grain),1,3421
naics_detail,3117,census_business_patterns,23,n/a (state grain),1,441
naics_detail,3118,census_business_patterns,47,n/a (state grain),1,12510
naics_detail,3119,census_business_patterns,47,n/a (state grain),1,4415
naics_detail,3121,census_business_patterns,47,n/a (state grain),1,11199
naics_detail,3122,census_business_patterns,12,n/a (state grain),1,101
naics_detail,3131,census_business_patterns,23,n/a (state grain),1,227
naics_detail,3132,census_business_patterns,34,n/a (state grain),1,730
naics_detail,3133,census_business_patterns,35,n/a (state grain),1,728
naics_detail,3141,census_business_patterns,42,n/a (state grain),1,1293
naics_detail,3149,census_business_patterns,45,n/a (state grain),1,3546
naics_detail,3151,census_business_patterns,15,n/a (state grain),1,175
naics_detail,3152,census_business_patterns,45,n/a (state grain),1,3701
naics_detail,3159,census_business_patterns,34,n/a (state grain),1,660
naics_detail,3161,census_business_patterns,20,n/a (state grain),1,131
naics_detail,3162,census_business_patterns,22,n/a (state grain),1,186
naics_detail,3169,census_business_patterns,39,n/a (state grain),1,622
naics_detail,3211,census_business_patterns,42,n/a (state grain),1,2497
naics_detail,3212,census_business_patterns,43,n/a (state grain),1,1290
naics_detail,3219,census_business_patterns,45,n/a (state grain),1,8592
naics_detail,3221,census_business_patterns,31,n/a (state grain),1,327
naics_detail,3222,census_business_patterns,40,n/a (state grain),1,2892
naics_detail,3231,census_business_patterns,45,n/a (state grain),1,19432
naics_detail,3241,census_business_patterns,41,n/a (state grain),1,1788
naics_detail,3251,census_business_patterns,42,n/a (state grain),1,2118
naics_detail,3252,census_business_patterns,39,n/a (state grain),1,1263
naics_detail,3253,census_business_patterns,40,n/a (state grain),1,884
naics_detail,3254,census_business_patterns,42,n/a (state grain),1,2552
naics_detail,3255,census_business_patterns,39,n/a (state grain),1,1442
naics_detail,3256,census_business_patterns,43,n/a (state grain),1,2204
naics_detail,3259,census_business_patterns,42,n/a (state grain),1,1904
naics_detail,3261,census_business_patterns,44,n/a (state grain),1,8298
naics_detail,3262,census_business_patterns,41,n/a (state grain),1,1598
naics_detail,3271,census_business_patterns,38,n/a (state grain),1,893
naics_detail,3272,census_business_patterns,41,n/a (state grain),1,1349
naics_detail,3273,census_business_patterns,45,n/a (state grain),1,7126
naics_detail,3274,census_business_patterns,29,n/a (state grain),1,213
naics_detail,3279,census_business_patterns,43,n/a (state grain),1,2783
naics_detail,3311,census_business_patterns,23,n/a (state grain),1,252
naics_detail,3312,census_business_patterns,31,n/a (state grain),1,607
naics_detail,3313,census_business_patterns,27,n/a (state grain),1,370
naics_detail,3314,census_business_patterns,33,n/a (state grain),1,649
naics_detail,3315,census_business_patterns,39,n/a (state grain),1,1155
naics_detail,3321,census_business_patterns,39,n/a (state grain),1,1726
naics_detail,3322,census_business_patterns,37,n/a (state grain),1,905
naics_detail,3323,census_business_patterns,44,n/a (state grain),1,11988
naics_detail,3324,census_business_patterns,39,n/a (state grain),1,1098
naics_detail,3325,census_business_patterns,37,n/a (state grain),1,470
naics_detail,3326,census_business_patterns,35,n/a (state grain),1,862
naics_detail,3327,census_business_patterns,44,n/a (state grain),1,18764
naics_detail,3328,census_business_patterns,43,n/a (state grain),1,4621
naics_detail,3329,census_business_patterns,44,n/a (state grain),1,5134
naics_detail,3331,census_business_patterns,39,n/a (state grain),1,2068
naics_detail,3332,census_business_patterns,42,n/a (state grain),1,2517
naics_detail,3333,census_business_patterns,42,n/a (state grain),1,1480
naics_detail,3334,census_business_patterns,42,n/a (state grain),1,1411
naics_detail,3335,census_business_patterns,41,n/a (state grain),1,5235
naics_detail,3336,census_business_patterns,39,n/a (state grain),1,760
naics_detail,3339,census_business_patterns,42,n/a (state grain),1,4955
naics_detail,3341,census_business_patterns,26,n/a (state grain),1,458
naics_detail,3342,census_business_patterns,37,n/a (state grain),1,974
naics_detail,3343,census_business_patterns,28,n/a (state grain),1,451
naics_detail,3344,census_business_patterns,41,n/a (state grain),1,3027
naics_detail,3345,census_business_patterns,43,n/a (state grain),1,4019
naics_detail,3346,census_business_patterns,23,n/a (state grain),1,254
naics_detail,3351,census_business_patterns,38,n/a (state grain),1,846
naics_detail,3352,census_business_patterns,26,n/a (state grain),1,273
naics_detail,3353,census_business_patterns,38,n/a (state grain),1,1419
naics_detail,3359,census_business_patterns,40,n/a (state grain),1,1772
naics_detail,3361,census_business_patterns,27,n/a (state grain),1,298
naics_detail,3362,census_business_patterns,38,n/a (state grain),1,1733
naics_detail,3363,census_business_patterns,42,n/a (state grain),1,4006
naics_detail,3364,census_business_patterns,41,n/a (state grain),1,1518
naics_detail,3365,census_business_patterns,25,n/a (state grain),1,150
naics_detail,3366,census_business_patterns,35,n/a (state grain),1,1109
naics_detail,3369,census_business_patterns,36,n/a (state grain),1,802
naics_detail,3371,census_business_patterns,44,n/a (state grain),1,8410
naics_detail,3372,census_business_patterns,42,n/a (state grain),1,3052
naics_detail,3379,census_business_patterns,30,n/a (state grain),1,587
naics_detail,3391,census_business_patterns,44,n/a (state grain),1,7481
naics_detail,3399,census_business_patterns,43,n/a (state grain),1,12002
naics_detail,4231,census_business_patterns,43,n/a (state grain),1,18195
naics_detail,4232,census_business_patterns,43,n/a (state grain),1,9966
naics_detail,4233,census_business_patterns,43,n/a (state grain),1,13884
naics_detail,4234,census_business_patterns,43,n/a (state grain),1,27355
naics_detail,4235,census_business_patterns,43,n/a (state grain),1,6838
naics_detail,4236,census_business_patterns,43,n/a (state grain),1,21389
naics_detail,4237,census_business_patterns,43,n/a (state grain),1,15864
naics_detail,4238,census_business_patterns,43,n/a (state grain),1,42312
naics_detail,4239,census_business_patterns,43,n/a (state grain),1,26425
naics_detail,4241,census_business_patterns,43,n/a (state grain),1,6531
naics_detail,4242,census_business_patterns,43,n/a (state grain),1,8391
naics_detail,4243,census_business_patterns,43,n/a (state grain),1,12219
naics_detail,4244,census_business_patterns,43,n/a (state grain),1,28701
naics_detail,4245,census_business_patterns,41,n/a (state grain),1,5473
naics_detail,4246,census_business_patterns,43,n/a (state grain),1,9093
naics_detail,4247,census_business_patterns,41,n/a (state grain),1,4744
naics_detail,4248,census_business_patterns,42,n/a (state grain),1,3841
naics_detail,4249,census_business_patterns,42,n/a (state grain),1,23364
naics_detail,4251,census_business_patterns,42,n/a (state grain),1,28754
naics_detail,4411,census_business_patterns,42,n/a (state grain),1,35886
naics_detail,4412,census_business_patterns,41,n/a (state grain),1,10909
naics_detail,4413,census_business_patterns,42,n/a (state grain),1,45697
naics_detail,4421,census_business_patterns,41,n/a (state grain),1,16689
naics_detail,4422,census_business_patterns,41,n/a (state grain),1,17796
naics_detail,4431,census_business_patterns,41,n/a (state grain),1,16155
naics_detail,4441,census_business_patterns,41,n/a (state grain),1,42329
naics_detail,4442,census_business_patterns,40,n/a (state grain),1,13213
naics_detail,4451,census_business_patterns,40,n/a (state grain),1,76636
naics_detail,4452,census_business_patterns,39,n/a (state grain),1,18346
naics_detail,4453,census_business_patterns,39,n/a (state grain),1,29008
naics_detail,4461,census_business_patterns,39,n/a (state grain),1,69019
naics_detail,4471,census_business_patterns,38,n/a (state grain),1,74570
naics_detail,4481,census_business_patterns,38,n/a (state grain),1,60313
naics_detail,4482,census_business_patterns,36,n/a (state grain),1,11251
naics_detail,4483,census_business_patterns,37,n/a (state grain),1,13117
naics_detail,4511,census_business_patterns,36,n/a (state grain),1,22231
naics_detail,4512,census_business_patterns,36,n/a (state grain),1,3712
naics_detail,4522,census_business_patterns,34,n/a (state grain),1,1805
naics_detail,4523,census_business_patterns,36,n/a (state grain),1,32843
naics_detail,4531,census_business_patterns,36,n/a (state grain),1,7283
naics_detail,4532,census_business_patterns,36,n/a (state grain),1,14488
naics_detail,4533,census_business_patterns,36,n/a (state grain),1,11528
naics_detail,4539,census_business_patterns,36,n/a (state grain),1,35587
naics_detail,4541,census_business_patterns,36,n/a (state grain),1,35151
naics_detail,4542,census_business_patterns,36,n/a (state grain),1,1956
naics_detail,4543,census_business_patterns,36,n/a (state grain),1,19717
naics_detail,4811,census_business_patterns,36,n/a (state grain),1,1434
naics_detail,4812,census_business_patterns,35,n/a (state grain),1,1678
naics_detail,4831,census_business_patterns,21,n/a (state grain),1,762
naics_detail,4832,census_business_patterns,20,n/a (state grain),1,488
naics_detail,4841,census_business_patterns,36,n/a (state grain),1,79150
naics_detail,4842,census_business_patterns,36,n/a (state grain),1,34996
naics_detail,4851,census_business_patterns,27,n/a (state grain),1,427
naics_detail,4852,census_business_patterns,31,n/a (state grain),1,312
naics_detail,4853,census_business_patterns,35,n/a (state grain),1,3863
naics_detail,4854,census_business_patterns,35,n/a (state grain),1,2404
naics_detail,4855,census_business_patterns,31,n/a (state grain),1,698
naics_detail,4859,census_business_patterns,35,n/a (state grain),1,3696
naics_detail,4861,census_business_patterns,20,n/a (state grain),1,311
naics_detail,4862,census_business_patterns,31,n/a (state grain),1,998
naics_detail,4869,census_business_patterns,29,n/a (state grain),1,383
naics_detail,4871,census_business_patterns,29,n/a (state grain),1,471
naics_detail,4872,census_business_patterns,29,n/a (state grain),1,1712
naics_detail,4879,census_business_patterns,15,n/a (state grain),1,182
naics_detail,4881,census_business_patterns,35,n/a (state grain),1,4185
naics_detail,4882,census_business_patterns,30,n/a (state grain),1,992
naics_detail,4883,census_business_patterns,28,n/a (state grain),1,1794
naics_detail,4884,census_business_patterns,35,n/a (state grain),1,9085
naics_detail,4885,census_business_patterns,35,n/a (state grain),1,13823
naics_detail,4889,census_business_patterns,32,n/a (state grain),1,1546
naics_detail,4921,census_business_patterns,35,n/a (state grain),1,7215
naics_detail,4922,census_business_patterns,35,n/a (state grain),1,3252
naics_detail,4931,census_business_patterns,35,n/a (state grain),1,12237
naics_detail,5111,census_business_patterns,35,n/a (state grain),1,8945
naics_detail,5112,census_business_patterns,35,n/a (state grain),1,10968
naics_detail,5121,census_business_patterns,35,n/a (state grain),1,17809
naics_detail,5122,census_business_patterns,33,n/a (state grain),1,2847
naics_detail,5151,census_business_patterns,35,n/a (state grain),1,4320
naics_detail,5152,census_business_patterns,18,n/a (state grain),1,482
naics_detail,5173,census_business_patterns,35,n/a (state grain),1,32591
naics_detail,5174,census_business_patterns,20,n/a (state grain),1,277
naics_detail,5179,census_business_patterns,35,n/a (state grain),1,3265
naics_detail,5182,census_business_patterns,35,n/a (state grain),1,10904
naics_detail,5191,census_business_patterns,35,n/a (state grain),1,7760
naics_detail,5211,census_business_patterns,4,n/a (state grain),1,17
naics_detail,5221,census_business_patterns,35,n/a (state grain),1,65910
naics_detail,5222,census_business_patterns,35,n/a (state grain),1,27208
naics_detail,5223,census_business_patterns,35,n/a (state grain),1,18464
naics_detail,5231,census_business_patterns,35,n/a (state grain),1,17710
naics_detail,5232,census_business_patterns,2,n/a (state grain),1,11
naics_detail,5239,census_business_patterns,35,n/a (state grain),1,51400
naics_detail,5241,census_business_patterns,35,n/a (state grain),1,19717
naics_detail,5242,census_business_patterns,35,n/a (state grain),1,93440
naics_detail,5259,census_business_patterns,31,n/a (state grain),1,1246
naics_detail,5311,census_business_patterns,34,n/a (state grain),1,74531
naics_detail,5312,census_business_patterns,34,n/a (state grain),1,106485
naics_detail,5313,census_business_patterns,33,n/a (state grain),1,65525
naics_detail,5321,census_business_patterns,33,n/a (state grain),1,9502
naics_detail,5322,census_business_patterns,33,n/a (state grain),1,9156
naics_detail,5323,census_business_patterns,33,n/a (state grain),1,1643
naics_detail,5324,census_business_patterns,33,n/a (state grain),1,9337
naics_detail,5331,census_business_patterns,32,n/a (state grain),1,1507
naics_detail,5411,census_business_patterns,33,n/a (state grain),1,110133
naics_detail,5412,census_business_patterns,33,n/a (state grain),1,81554
naics_detail,5413,census_business_patterns,33,n/a (state grain),1,69654
naics_detail,5414,census_business_patterns,33,n/a (state grain),1,22667
naics_detail,5415,census_business_patterns,32,n/a (state grain),1,82054
naics_detail,5416,census_business_patterns,32,n/a (state grain),1,131367
naics_detail,5417,census_business_patterns,32,n/a (state grain),1,14231
naics_detail,5418,census_business_patterns,32,n/a (state grain),1,22881
naics_detail,5419,census_business_patterns,31,n/a (state grain),1,38127
naics_detail,5511,census_business_patterns,31,n/a (state grain),1,23801
naics_detail,5611,census_business_patterns,31,n/a (state grain),1,16085
naics_detail,5612,census_business_patterns,31,n/a (state grain),1,3951
naics_detail,5613,census_business_patterns,31,n/a (state grain),1,26353
naics_detail,5614,census_business_patterns,31,n/a (state grain),1,14520
naics_detail,5615,census_business_patterns,31,n/a (state grain),1,7172
naics_detail,5616,census_business_patterns,31,n/a (state grain),1,11708
naics_detail,5617,census_business_patterns,31,n/a (state grain),1,109419
naics_detail,5619,census_business_patterns,31,n/a (state grain),1,9524
naics_detail,5621,census_business_patterns,31,n/a (state grain),1,6025
naics_detail,5622,census_business_patterns,30,n/a (state grain),1,1526
naics_detail,5629,census_business_patterns,31,n/a (state grain),1,6017
naics_detail,6111,census_business_patterns,31,n/a (state grain),1,10029
naics_detail,6112,census_business_patterns,23,n/a (state grain),1,276
naics_detail,6113,census_business_patterns,31,n/a (state grain),1,1893
naics_detail,6114,census_business_patterns,31,n/a (state grain),1,4491
naics_detail,6115,census_business_patterns,31,n/a (state grain),1,4120
naics_detail,6116,census_business_patterns,31,n/a (state grain),1,23783
naics_detail,6117,census_business_patterns,31,n/a (state grain),1,4803
naics_detail,6211,census_business_patterns,31,n/a (state grain),1,92027
naics_detail,6212,census_business_patterns,31,n/a (state grain),1,57099
naics_detail,6213,census_business_patterns,31,n/a (state grain),1,93317
naics_detail,6214,census_business_patterns,31,n/a (state grain),1,27714
naics_detail,6215,census_business_patterns,31,n/a (state grain),1,8955
naics_detail,6216,census_business_patterns,31,n/a (state grain),1,17939
naics_detail,6219,census_business_patterns,31,n/a (state grain),1,7567
naics_detail,6221,census_business_patterns,31,n/a (state grain),1,2986
naics_detail,6222,census_business_patterns,26,n/a (state grain),1,354
naics_detail,6223,census_business_patterns,28,n/a (state grain),1,386
naics_detail,6231,census_business_patterns,30,n/a (state grain),1,7457
naics_detail,6232,census_business_patterns,30,n/a (state grain),1,19620
naics_detail,6233,census_business_patterns,30,n/a (state grain),1,9738
naics_detail,6239,census_business_patterns,30,n/a (state grain),1,2442
naics_detail,6241,census_business_patterns,30,n/a (state grain),1,39896
naics_detail,6242,census_business_patterns,30,n/a (state grain),1,6446
naics_detail,6243,census_business_patterns,30,n/a (state grain),1,3053
naics_detail,6244,census_business_patterns,30,n/a (state grain),1,29587
naics_detail,7111,census_business_patterns,30,n/a (state grain),1,3118
naics_detail,7112,census_business_patterns,30,n/a (state grain),1,1789
naics_detail,7113,census_business_patterns,30,n/a (state grain),1,3262
naics_detail,7114,census_business_patterns,28,n/a (state grain),1,931
naics_detail,7115,census_business_patterns,30,n/a (state grain),1,6995
naics_detail,7121,census_business_patterns,30,n/a (state grain),1,3402
naics_detail,7131,census_business_patterns,29,n/a (state grain),1,1489
naics_detail,7132,census_business_patterns,27,n/a (state grain),1,1917
naics_detail,7139,census_business_patterns,30,n/a (state grain),1,31526
naics_detail,7211,census_business_patterns,30,n/a (state grain),1,24736
naics_detail,7212,census_business_patterns,29,n/a (state grain),1,3353
naics_detail,7213,census_business_patterns,26,n/a (state grain),1,721
naics_detail,7223,census_business_patterns,29,n/a (state grain),1,18924
naics_detail,7224,census_business_patterns,28,n/a (state grain),1,12299
naics_detail,7225,census_business_patterns,28,n/a (state grain),1,187270
naics_detail,8111,census_business_patterns,28,n/a (state grain),1,55108
naics_detail,8112,census_business_patterns,26,n/a (state grain),1,3224
naics_detail,8113,census_business_patterns,26,n/a (state grain),1,7581
naics_detail,8114,census_business_patterns,26,n/a (state grain),1,6400
naics_detail,8121,census_business_patterns,26,n/a (state grain),1,39563
naics_detail,8122,census_business_patterns,25,n/a (state grain),1,6238
naics_detail,8123,census_business_patterns,25,n/a (state grain),1,6273
naics_detail,8129,census_business_patterns,23,n/a (state grain),1,12934
naics_detail,8131,census_business_patterns,23,n/a (state grain),1,49614
naics_detail,8132,census_business_patterns,23,n/a (state grain),1,5443
naics_detail,8133,census_business_patterns,23,n/a (state grain),1,5816
naics_detail,8134,census_business_patterns,23,n/a (state grain),1,6330
naics_detail,8139,census_business_patterns,23,n/a (state grain),1,13607

section,cbsa_code,msa_title,total_counties,covered_counties,coverage_pct
msa_coverage,10180,"Abilene, TX",3,3,100.0
msa_coverage,10380,"Aguadilla, PR",7,7,100.0
msa_coverage,10420,"Akron, OH",2,2,100.0
msa_coverage,10540,"Albany, OR",1,1,100.0
msa_coverage,10580,"Albany-Schenectady-Troy, NY",5,5,100.0
msa_coverage,10740,"Albuquerque, NM",4,4,100.0
msa_coverage,10780,"Alexandria, LA",2,2,100.0
msa_coverage,10900,"Allentown-Bethlehem-Easton, PA-NJ",4,4,100.0
msa_coverage,11020,"Altoona, PA",1,1,100.0
msa_coverage,11180,"Ames, IA",2,2,100.0
msa_coverage,11200,"Amherst Town-Northampton, MA",1,1,100.0
msa_coverage,11260,"Anchorage, AK",2,2,100.0
msa_coverage,11460,"Ann Arbor, MI",1,1,100.0
msa_coverage,11500,"Anniston-Oxford, AL",1,1,100.0
msa_coverage,11540,"Appleton, WI",2,2,100.0
msa_coverage,11640,"Arecibo, PR",4,4,100.0
msa_coverage,11700,"Asheville, NC",3,3,100.0
msa_coverage,12020,"Athens-Clarke County, GA",4,4,100.0
msa_coverage,12060,"Atlanta-Sandy Springs-Roswell, GA",29,29,100.0
msa_coverage,12100,"Atlantic City-Hammonton, NJ",2,2,100.0
msa_coverage,12220,"Auburn-Opelika, AL",2,2,100.0
msa_coverage,12260,"Augusta-Richmond County, GA-SC",7,7,100.0
msa_coverage,12420,"Austin-Round Rock-San Marcos, TX",5,5,100.0
msa_coverage,12540,"Bakersfield-Delano, CA",1,1,100.0
msa_coverage,12580,"Baltimore-Columbia-Towson, MD",7,7,100.0
msa_coverage,12620,"Bangor, ME",1,1,100.0
msa_coverage,12700,"Barnstable Town, MA",1,1,100.0
msa_coverage,12940,"Baton Rouge, LA",10,10,100.0
msa_coverage,12980,"Battle Creek, MI",1,1,100.0
msa_coverage,13020,"Bay City, MI",1,1,100.0
msa_coverage,13140,"Beaumont-Port Arthur, TX",3,3,100.0
msa_coverage,13220,"Beckley, WV",2,2,100.0
msa_coverage,13380,"Bellingham, WA",1,1,100.0
msa_coverage,13460,"Bend, OR",3,3,100.0
msa_coverage,13740,"Billings, MT",3,3,100.0
msa_coverage,13780,"Binghamton, NY",2,2,100.0
msa_coverage,13820,"Birmingham, AL",7,7,100.0
msa_coverage,13980,"Blacksburg-Christiansburg-Radford, VA",5,5,100.0
msa_coverage,14010,"Bloomington, IL",1,1,100.0
msa_coverage,14020,"Bloomington, IN",2,2,100.0
msa_coverage,14460,"Boston-Cambridge-Newton, MA-NH",7,7,100.0
msa_coverage,14500,"Boulder, CO",1,1,100.0
msa_coverage,14540,"Bowling Green, KY",4,4,100.0
msa_coverage,14580,"Bozeman, MT",1,1,100.0
msa_coverage,14740,"Bremerton-Silverdale-Port Orchard, WA",1,1,100.0
msa_coverage,15180,"Brownsville-Harlingen, TX",1,1,100.0
msa_coverage,15260,"Brunswick-St. Simons, GA",3,3,100.0
msa_coverage,15380,"Buffalo-Cheektowaga, NY",2,2,100.0
msa_coverage,15500,"Burlington, NC",1,1,100.0
msa_coverage,15540,"Burlington-South Burlington, VT",3,3,100.0
msa_coverage,15940,"Canton-Massillon, OH",2,2,100.0
msa_coverage,15980,"Cape Coral-Fort Myers, FL",1,1,100.0
msa_coverage,16180,"Carson City, NV",1,1,100.0
msa_coverage,16220,"Casper, WY",1,1,100.0
msa_coverage,16300,"Cedar Rapids, IA",3,3,100.0
msa_coverage,16540,"Chambersburg, PA",1,1,100.0
msa_coverage,16580,"Champaign-Urbana, IL",3,3,100.0
msa_coverage,16700,"Charleston-North Charleston, SC",3,3,100.0
msa_coverage,16740,"Charlotte-Concord-Gastonia, NC-SC",11,11,100.0
msa_coverage,16820,"Charlottesville, VA",5,5,100.0
msa_coverage,16860,"Chattanooga, TN-GA",6,6,100.0
msa_coverage,16940,"Cheyenne, WY",1,1,100.0
msa_coverage,16980,"Chicago-Naperville-Elgin, IL-IN",13,13,100.0
msa_coverage,17020,"Chico, CA",1,1,100.0
msa_coverage,17300,"Clarksville, TN-KY",4,4,100.0
msa_coverage,17410,"Cleveland, OH",6,6,100.0
msa_coverage,17420,"Cleveland, TN",2,2,100.0
msa_coverage,17660,"Coeur d'Alene, ID",1,1,100.0
msa_coverage,17780,"College Station-Bryan, TX",3,3,100.0
msa_coverage,17820,"Colorado Springs, CO",2,2,100.0
msa_coverage,17860,"Columbia, MO",3,3,100.0
msa_coverage,17900,"Columbia, SC",6,6,100.0
msa_coverage,18020,"Columbus, IN",1,1,100.0
msa_coverage,18140,"Columbus, OH",10,10,100.0
msa_coverage,18580,"Corpus Christi, TX",3,3,100.0
msa_coverage,18700,"Corvallis, OR",1,1,100.0
msa_coverage,18880,"Crestview-Fort Walton Beach-Destin, FL",2,2,100.0
msa_coverage,19100,"Dallas-Fort Worth-Arlington, TX",11,11,100.0
msa_coverage,19140,"Dalton, GA",2,2,100.0
msa_coverage,19300,"Daphne-Fairhope-Foley, AL",1,1,100.0
msa_coverage,19340,"Davenport-Moline-Rock Island, IA-IL",4,4,100.0
msa_coverage,19430,"Dayton-Kettering-Beavercreek, OH",3,3,100.0
msa_coverage,19460,"Decatur, AL",2,2,100.0
msa_coverage,19500,"Decatur, IL",1,1,100.0
msa_coverage,19660,"Deltona-Daytona Beach-Ormond Beach, FL",2,2,100.0
msa_coverage,19780,"Des Moines-West Des Moines, IA",6,6,100.0
msa_coverage,19820,"Detroit-Warren-Dearborn, MI",6,6,100.0
msa_coverage,20020,"Dothan, AL",3,3,100.0
msa_coverage,20100,"Dover, DE",1,1,100.0
msa_coverage,20220,"Dubuque, IA",1,1,100.0
msa_coverage,20260,"Duluth, MN-WI",3,3,100.0
msa_coverage,20500,"Durham-Chapel Hill, NC",4,4,100.0
msa_coverage,20580,"Eagle Pass, TX",1,1,100.0
msa_coverage,20740,"Eau Claire, WI",2,2,100.0
msa_coverage,20940,"El Centro, CA",1,1,100.0
msa_coverage,21060,"Elizabethtown, KY",2,2,100.0
msa_coverage,21140,"Elkhart-Goshen, IN",1,1,100.0
msa_coverage,21300,"Elmira, NY",1,1,100.0
msa_coverage,21420,"Enid, OK",1,1,100.0
msa_coverage,21500,"Erie, PA",1,1,100.0
msa_coverage,21660,"Eugene-Springfield, OR",1,1,100.0
msa_coverage,21780,"Evansville, IN",3,3,100.0
msa_coverage,21820,"Fairbanks-College, AK",1,1,100.0
msa_coverage,22020,"Fargo, ND-MN",2,2,100.0
msa_coverage,22140,"Farmington, NM",1,1,100.0
msa_coverage,22180,"Fayetteville, NC",2,2,100.0
msa_coverage,22220,"Fayetteville-Springdale-Rogers, AR",3,3,100.0
msa_coverage,22380,"Flagstaff, AZ",1,1,100.0
msa_coverage,22420,"Flint, MI",1,1,100.0
msa_coverage,22500,"Florence, SC",2,2,100.0
msa_coverage,22520,"Florence-Muscle Shoals, AL",2,2,100.0
msa_coverage,22540,"Fond du Lac, WI",1,1,100.0
msa_coverage,22660,"Fort Collins-Loveland, CO",1,1,100.0
msa_coverage,22900,"Fort Smith, AR-OK",3,3,100.0
msa_coverage,23060,"Fort Wayne, IN",3,3,100.0
msa_coverage,23420,"Fresno, CA",2,2,100.0
msa_coverage,23460,"Gadsden, AL",1,1,100.0
msa_coverage,23540,"Gainesville, FL",3,3,100.0
msa_coverage,23580,"Gainesville, GA",1,1,100.0
msa_coverage,23900,"Gettysburg, PA",1,1,100.0
msa_coverage,24020,"Glens Falls, NY",2,2,100.0
msa_coverage,24140,"Goldsboro, NC",1,1,100.0
msa_coverage,24220,"Grand Forks, ND-MN",2,2,100.0
msa_coverage,24260,"Grand Island, NE",3,3,100.0
msa_coverage,24300,"Grand Junction, CO",1,1,100.0
msa_coverage,24340,"Grand Rapids-Wyoming-Kentwood, MI",5,5,100.0
msa_coverage,24420,"Grants Pass, OR",1,1,100.0
msa_coverage,24500,"Great Falls, MT",1,1,100.0
msa_coverage,24540,"Greeley, CO",1,1,100.0
msa_coverage,24580,"Green Bay, WI",3,3,100.0
msa_coverage,24660,"Greensboro-High Point, NC",3,3,100.0
msa_coverage,24780,"Greenville, NC",1,1,100.0
msa_coverage,24860,"Greenville-Anderson-Greer, SC",4,4,100.0
msa_coverage,25020,"Guayama, PR",3,3,100.0
msa_coverage,25060,"Gulfport-Biloxi, MS",4,4,100.0
msa_coverage,25180,"Hagerstown-Martinsburg, MD-WV",3,3,100.0
msa_coverage,25220,"Hammond, LA",1,1,100.0
msa_coverage,25260,"Hanford-Corcoran, CA",1,1,100.0
msa_coverage,25420,"Harrisburg-Carlisle, PA",3,3,100.0
msa_coverage,25500,"Harrisonburg, VA",2,2,100.0
msa_coverage,25740,"Helena, MT",3,3,100.0
msa_coverage,25860,"Hickory-Lenoir-Morganton, NC",4,4,100.0
msa_coverage,25940,"Hilton Head Island-Bluffton-Port Royal, SC",2,2,100.0
msa_coverage,25980,"Hinesville, GA",2,2,100.0
msa_coverage,26140,"Homosassa Springs, FL",1,1,100.0
msa_coverage,26300,"Hot Springs, AR",1,1,100.0
msa_coverage,26380,"Houma-Bayou Cane-Thibodaux, LA",2,2,100.0
msa_coverage,26420,"Houston-Pasadena-The Woodlands, TX",10,10,100.0
msa_coverage,26580,"Huntington-Ashland, WV-KY-OH",8,8,100.0
msa_coverage,26620,"Huntsville, AL",2,2,100.0
msa_coverage,26900,"Indianapolis-Carmel-Greenwood, IN",11,11,100.0
msa_coverage,26980,"Iowa City, IA",2,2,100.0
msa_coverage,27060,"Ithaca, NY",1,1,100.0
msa_coverage,27100,"Jackson, MI",1,1,100.0
msa_coverage,27140,"Jackson, MS",8,8,100.0
msa_coverage,27180,"Jackson, TN",4,4,100.0
msa_coverage,27260,"Jacksonville, FL",5,5,100.0
msa_coverage,27340,"Jacksonville, NC",1,1,100.0
msa_coverage,27500,"Janesville-Beloit, WI",1,1,100.0
msa_coverage,27620,"Jefferson City, MO",4,4,100.0
msa_coverage,27740,"Johnson City, TN",3,3,100.0
msa_coverage,27780,"Johnstown, PA",1,1,100.0
msa_coverage,27860,"Jonesboro, AR",2,2,100.0
msa_coverage,27900,"Joplin, MO-KS",3,3,100.0
msa_coverage,28020,"Kalamazoo-Portage, MI",1,1,100.0
msa_coverage,28100,"Kankakee, IL",1,1,100.0
msa_coverage,28420,"Kennewick-Richland, WA",2,2,100.0
msa_coverage,28450,"Kenosha, WI",1,1,100.0
msa_coverage,28660,"Killeen-Temple, TX",3,3,100.0
msa_coverage,28700,"Kingsport-Bristol, TN-VA",5,5,100.0
msa_coverage,28740,"Kingston, NY",1,1,100.0
msa_coverage,28880,"Kiryas Joel-Poughkeepsie-Newburgh, NY",2,2,100.0
msa_coverage,28940,"Knoxville, TN",9,9,100.0
msa_coverage,29020,"Kokomo, IN",1,1,100.0
msa_coverage,29100,"La Crosse-Onalaska, WI-MN",3,3,100.0
msa_coverage,29180,"Lafayette, LA",4,4,100.0
msa_coverage,29200,"Lafayette-West Lafayette, IN",4,4,100.0
msa_coverage,29340,"Lake Charles, LA",3,3,100.0
msa_coverage,29420,"Lake Havasu City-Kingman, AZ",1,1,100.0
msa_coverage,29460,"Lakeland-Winter Haven, FL",1,1,100.0
msa_coverage,29540,"Lancaster, PA",1,1,100.0
msa_coverage,29620,"Lansing-East Lansing, MI",3,3,100.0
msa_coverage,29700,"Laredo, TX",1,1,100.0
msa_coverage,29740,"Las Cruces, NM",1,1,100.0
msa_coverage,29820,"Las Vegas-Henderson-North Las Vegas, NV",1,1,100.0
msa_coverage,29940,"Lawrence, KS",1,1,100.0
msa_coverage,30140,"Lebanon, PA",1,1,100.0
msa_coverage,30300,"Lewiston, ID-WA",2,2,100.0
msa_coverage,30340,"Lewiston-Auburn, ME",1,1,100.0
msa_coverage,30460,"Lexington-Fayette, KY",6,6,100.0
msa_coverage,30500,"Lexington Park, MD",2,2,100.0
msa_coverage,30620,"Lima, OH",1,1,100.0
msa_coverage,30700,"Lincoln, NE",2,2,100.0
msa_coverage,30860,"Logan, UT-ID",2,2,100.0
msa_coverage,30980,"Longview, TX",4,4,100.0
msa_coverage,31020,"Longview-Kelso, WA",1,1,100.0
msa_coverage,31080,"Los Angeles-Long Beach-Anaheim, CA",2,2,100.0
msa_coverage,31140,"Louisville/Jefferson County, KY-IN",12,12,100.0
msa_coverage,31340,"Lynchburg, VA",5,5,100.0
msa_coverage,31540,"Madison, WI",4,4,100.0
msa_coverage,31700,"Manchester-Nashua, NH",1,1,100.0
msa_coverage,31740,"Manhattan, KS",3,3,100.0
msa_coverage,31860,"Mankato, MN",2,2,100.0
msa_coverage,31900,"Mansfield, OH",1,1,100.0
msa_coverage,32420,"Mayagüez, PR",6,6,100.0
msa_coverage,32580,"McAllen-Edinburg-Mission, TX",1,1,100.0
msa_coverage,32780,"Medford, OR",1,1,100.0
msa_coverage,32900,"Merced, CA",1,1,100.0
msa_coverage,33100,"Miami-Fort Lauderdale-West Palm Beach, FL",3,3,100.0
msa_coverage,33140,"Michigan City-La Porte, IN",1,1,100.0
msa_coverage,33220,"Midland, MI",1,1,100.0
msa_coverage,33340,"Milwaukee-Waukesha, WI",4,4,100.0
msa_coverage,33460,"Minneapolis-St. Paul-Bloomington, MN-WI",15,15,100.0
msa_coverage,33540,"Missoula, MT",2,2,100.0
msa_coverage,33660,"Mobile, AL",1,1,100.0
msa_coverage,33700,"Modesto, CA",1,1,100.0
msa_coverage,33740,"Monroe, LA",4,4,100.0
msa_coverage,33780,"Monroe, MI",1,1,100.0
msa_coverage,34060,"Morgantown, WV",2,2,100.0
msa_coverage,34100,"Morristown, TN",2,2,100.0
msa_coverage,34580,"Mount Vernon-Anacortes, WA",1,1,100.0
msa_coverage,34620,"Muncie, IN",1,1,100.0
msa_coverage,34740,"Muskegon-Norton Shores, MI",1,1,100.0
msa_coverage,34820,"Myrtle Beach-Conway-North Myrtle Beach, SC",1,1,100.0
msa_coverage,34900,"Napa, CA",1,1,100.0
msa_coverage,34940,"Naples-Marco Island, FL",1,1,100.0
msa_coverage,34980,"Nashville-Davidson--Murfreesboro--Franklin, TN",14,14,100.0
msa_coverage,35380,"New Orleans-Metairie, LA",7,7,100.0
msa_coverage,35620,"New York-Newark-Jersey City, NY-NJ",22,22,100.0
msa_coverage,35660,"Niles, MI",1,1,100.0
msa_coverage,35840,"North Port-Bradenton-Sarasota, FL",2,2,100.0
msa_coverage,36100,"Ocala, FL",1,1,100.0
msa_coverage,36220,"Odessa, TX",1,1,100.0
msa_coverage,36260,"Ogden, UT",3,3,100.0
msa_coverage,36420,"Oklahoma City, OK",7,7,100.0
msa_coverage,36500,"Olympia-Lacey-Tumwater, WA",1,1,100.0
msa_coverage,36540,"Omaha, NE-IA",8,8,100.0
msa_coverage,36740,"Orlando-Kissimmee-Sanford, FL",4,4,100.0
msa_coverage,36780,"Oshkosh-Neenah, WI",1,1,100.0
msa_coverage,36980,"Owensboro, KY",2,2,100.0
msa_coverage,37100,"Oxnard-Thousand Oaks-Ventura, CA",1,1,100.0
msa_coverage,37340,"Palm Bay-Melbourne-Titusville, FL",1,1,100.0
msa_coverage,37460,"Panama City-Panama City Beach, FL",2,2,100.0
msa_coverage,37860,"Pensacola-Ferry Pass-Brent, FL",2,2,100.0
msa_coverage,37980,"Philadelphia-Camden-Wilmington, PA-NJ-DE-MD",11,11,100.0
msa_coverage,38060,"Phoenix-Mesa-Chandler, AZ",2,2,100.0
msa_coverage,38240,"Pinehurst-Southern Pines, NC",1,1,100.0
msa_coverage,38300,"Pittsburgh, PA",8,8,100.0
msa_coverage,38340,"Pittsfield, MA",1,1,100.0
msa_coverage,38540,"Pocatello, ID",1,1,100.0
msa_coverage,38660,"Ponce, PR",6,6,100.0
msa_coverage,38860,"Portland-South Portland, ME",3,3,100.0
msa_coverage,38900,"Portland-Vancouver-Hillsboro, OR-WA",7,7,100.0
msa_coverage,38940,"Port St. Lucie, FL",2,2,100.0
msa_coverage,39150,"Prescott Valley-Prescott, AZ",1,1,100.0
msa_coverage,39300,"Providence-Warwick, RI-MA",6,6,100.0
msa_coverage,39340,"Provo-Orem-Lehi, UT",2,2,100.0
msa_coverage,39380,"Pueblo, CO",1,1,100.0
msa_coverage,39460,"Punta Gorda, FL",1,1,100.0
msa_coverage,39540,"Racine-Mount Pleasant, WI",1,1,100.0
msa_coverage,39580,"Raleigh-Cary, NC",3,3,100.0
msa_coverage,39660,"Rapid City, SD",3,3,100.0
msa_coverage,39740,"Reading, PA",1,1,100.0
msa_coverage,39820,"Redding, CA",1,1,100.0
msa_coverage,40140,"Riverside-San Bernardino-Ontario, CA",2,2,100.0
msa_coverage,40340,"Rochester, MN",4,4,100.0
msa_coverage,40380,"Rochester, NY",5,5,100.0
msa_coverage,40420,"Rockford, IL",2,2,100.0
msa_coverage,40580,"Rocky Mount, NC",2,2,100.0
msa_coverage,40660,"Rome, GA",1,1,100.0
msa_coverage,40900,"Sacramento-Roseville-Folsom, CA",4,4,100.0
msa_coverage,40980,"Saginaw, MI",1,1,100.0
msa_coverage,41060,"St. Cloud, MN",2,2,100.0
msa_coverage,41100,"St. George, UT",1,1,100.0
msa_coverage,41140,"St. Joseph, MO-KS",4,4,100.0
msa_coverage,41420,"Salem, OR",2,2,100.0
msa_coverage,41500,"Salinas, CA",1,1,100.0
msa_coverage,41540,"Salisbury, MD",2,2,100.0
msa_coverage,41620,"Salt Lake City-Murray, UT",2,2,100.0
msa_coverage,41700,"San Antonio-New Braunfels, TX",8,8,100.0
msa_coverage,41740,"San Diego-Chula Vista-Carlsbad, CA",1,1,100.0
msa_coverage,41780,"Sandusky, OH",2,2,100.0
msa_coverage,41860,"San Francisco-Oakland-Fremont, CA",5,5,100.0
msa_coverage,41940,"San Jose-Sunnyvale-Santa Clara, CA",2,2,100.0
msa_coverage,42020,"San Luis Obispo-Paso Robles, CA",1,1,100.0
msa_coverage,42100,"Santa Cruz-Watsonville, CA",1,1,100.0
msa_coverage,42140,"Santa Fe, NM",1,1,100.0
msa_coverage,42200,"Santa Maria-Santa Barbara, CA",1,1,100.0
msa_coverage,42220,"Santa Rosa-Petaluma, CA",1,1,100.0
msa_coverage,42340,"Savannah, GA",3,3,100.0
msa_coverage,42540,"Scranton--Wilkes-Barre, PA",3,3,100.0
msa_coverage,42660,"Seattle-Tacoma-Bellevue, WA",3,3,100.0
msa_coverage,42680,"Sebastian-Vero Beach-West Vero Corridor, FL",1,1,100.0
msa_coverage,42700,"Sebring, FL",1,1,100.0
msa_coverage,43100,"Sheboygan, WI",1,1,100.0
msa_coverage,43300,"Sherman-Denison, TX",1,1,100.0
msa_coverage,43340,"Shreveport-Bossier City, LA",3,3,100.0
msa_coverage,43420,"Sierra Vista-Douglas, AZ",1,1,100.0
msa_coverage,43580,"Sioux City, IA-NE-SD",3,3,100.0
msa_coverage,43620,"Sioux Falls, SD-MN",5,5,100.0
msa_coverage,43640,"Slidell-Mandeville-Covington, LA",1,1,100.0
msa_coverage,43780,"South Bend-Mishawaka, IN-MI",2,2,100.0
msa_coverage,43900,"Spartanburg, SC",2,2,100.0
msa_coverage,44060,"Spokane-Spokane Valley, WA",2,2,100.0
msa_coverage,44100,"Springfield, IL",2,2,100.0
msa_coverage,44140,"Springfield, MA",1,1,100.0
msa_coverage,44180,"Springfield, MO",5,5,100.0
msa_coverage,44220,"Springfield, OH",1,1,100.0
msa_coverage,44300,"State College, PA",1,1,100.0
msa_coverage,44420,"Staunton-Stuarts Draft, VA",3,3,100.0
msa_coverage,44700,"Stockton-Lodi, CA",1,1,100.0
msa_coverage,44940,"Sumter, SC",1,1,100.0
msa_coverage,45060,"Syracuse, NY",3,3,100.0
msa_coverage,45220,"Tallahassee, FL",4,4,100.0
msa_coverage,45300,"Tampa-St. Petersburg-Clearwater, FL",4,4,100.0
msa_coverage,45460,"Terre Haute, IN",4,4,100.0
msa_coverage,45500,"Texarkana, TX-AR",3,3,100.0
msa_coverage,45780,"Toledo, OH",3,3,100.0
msa_coverage,45820,"Topeka, KS",5,5,100.0
msa_coverage,45900,"Traverse City, MI",4,4,100.0
msa_coverage,45940,"Trenton-Princeton, NJ",1,1,100.0
msa_coverage,46060,"Tucson, AZ",1,1,100.0
msa_coverage,46140,"Tulsa, OK",7,7,100.0
msa_coverage,46300,"Twin Falls, ID",2,2,100.0
msa_coverage,46340,"Tyler, TX",1,1,100.0
msa_coverage,46520,"Urban Honolulu, HI",1,1,100.0
msa_coverage,46540,"Utica-Rome, NY",2,2,100.0
msa_coverage,46700,"Vallejo, CA",1,1,100.0
msa_coverage,47020,"Victoria, TX",2,2,100.0
msa_coverage,47220,"Vineland, NJ",1,1,100.0
msa_coverage,47300,"Visalia, CA",1,1,100.0
msa_coverage,47380,"Waco, TX",3,3,100.0
msa_coverage,47460,"Walla Walla, WA",1,1,100.0
msa_coverage,47580,"Warner Robins, GA",2,2,100.0
msa_coverage,47900,"Washington-Arlington-Alexandria, DC-VA-MD-WV",23,23,100.0
msa_coverage,47940,"Waterloo-Cedar Falls, IA",3,3,100.0
msa_coverage,48060,"Watertown-Fort Drum, NY",1,1,100.0
msa_coverage,48140,"Wausau, WI",1,1,100.0
msa_coverage,48260,"Weirton-Steubenville, WV-OH",3,3,100.0
msa_coverage,48300,"Wenatchee-East Wenatchee, WA",2,2,100.0
msa_coverage,48540,"Wheeling, WV-OH",3,3,100.0
msa_coverage,48620,"Wichita, KS",4,4,100.0
msa_coverage,48660,"Wichita Falls, TX",3,3,100.0
msa_coverage,48680,"Wildwood-The Villages, FL",1,1,100.0
msa_coverage,48700,"Williamsport, PA",1,1,100.0
msa_coverage,48900,"Wilmington, NC",3,3,100.0
msa_coverage,49020,"Winchester, VA-WV",3,3,100.0
msa_coverage,49180,"Winston-Salem, NC",5,5,100.0
msa_coverage,49340,"Worcester, MA",1,1,100.0
msa_coverage,49420,"Yakima, WA",1,1,100.0
msa_coverage,49620,"York-Hanover, PA",1,1,100.0
msa_coverage,49660,"Youngstown-Warren, OH",2,2,100.0
msa_coverage,49700,"Yuba City, CA",2,2,100.0
msa_coverage,49740,"Yuma, AZ",1,1,100.0
msa_coverage,47260,"Virginia Beach-Chesapeake-Norfolk, VA-NC",18,17,94.4
msa_coverage,41180,"St. Louis, MO-IL",15,14,93.3
msa_coverage,28140,"Kansas City, MO-KS",14,13,92.9
msa_coverage,41980,"San Juan-Bayamón-Caguas, PR",40,37,92.5
msa_coverage,19740,"Denver-Aurora-Centennial, CO",10,9,90.0
msa_coverage,32820,"Memphis, TN-MS-AR",9,8,88.9
msa_coverage,40060,"Richmond, VA",17,15,88.2
msa_coverage,17140,"Cincinnati, OH-KY-IN",15,13,86.7
msa_coverage,30780,"Little Rock-North Little Rock-Conway, AR",6,5,83.3
msa_coverage,40220,"Roanoke, VA",6,5,83.3
msa_coverage,14260,"Boise City, ID",5,4,80.0
msa_coverage,31420,"Macon-Bibb County, GA",5,4,80.0
msa_coverage,37140,"Paducah, KY-IL",5,4,80.0
msa_coverage,37900,"Peoria, IL",5,4,80.0
msa_coverage,10500,"Albany, GA",4,3,75.0
msa_coverage,33860,"Montgomery, AL",4,3,75.0
msa_coverage,46220,"Tuscaloosa, AL",4,3,75.0
msa_coverage,46660,"Valdosta, GA",4,3,75.0
msa_coverage,13900,"Bismarck, ND",3,2,66.7
msa_coverage,16020,"Cape Girardeau, MO-IL",3,2,66.7
msa_coverage,16620,"Charleston, WV",3,2,66.7
msa_coverage,25620,"Hattiesburg, MS",3,2,66.7
msa_coverage,26820,"Idaho Falls, ID",3,2,66.7
msa_coverage,33500,"Minot, ND",3,2,66.7
msa_coverage,39900,"Reno, NV",3,2,66.7
msa_coverage,21340,"El Paso, TX",2,1,50.0
msa_coverage,27980,"Kahului-Wailuku, HI",2,1,50.0
msa_coverage,30020,"Lawton, OK",2,1,50.0
msa_coverage,31180,"Lubbock, TX",6,3,50.0
msa_coverage,33260,"Midland, TX",2,1,50.0
msa_coverage,37620,"Parkersburg-Vienna, WV",2,1,50.0
msa_coverage,41660,"San Angelo, TX",2,1,50.0
msa_coverage,17980,"Columbus, GA-AL",7,3,42.9
msa_coverage,11100,"Amarillo, TX",5,2,40.0
msa_coverage,14860,"Bridgeport-Stamford-Danbury, CT",2,0,0.0
msa_coverage,25540,"Hartford-West Hartford-East Hartford, CT",2,0,0.0
msa_coverage,35300,"New Haven, CT",1,0,0.0
msa_coverage,35980,"Norwich-New London-Willimantic, CT",1,0,0.0
msa_coverage,47930,"Waterbury-Shelton, CT",1,0,0.0
